Provider,Voice,Gender,Accent,Tier,Use Case,Notes
Gemini,Sulafat,F,MSA,V Liked,Narrative,"PRODUCTION narrator (styled: warm, calm, measured) — best of all providers, ~90%+ pronunciation"
Gemini,Leda,F,MSA,V Liked,Narrative,"PRODUCTION dialogue (styled: soft, gentle, not dramatic) — pairs with Sulafat"
Google,Sulafat,F,MSA,V Liked,Narrative,"VERY GOOD narrator in pairing test — good pron, good pace"
Google,Leda,F,MSA,V Liked,Narrative,"soft, ok as dialogue in pairing test"
Google,Enceladus,M,MSA,V Liked,Narrative,"good narrator in pairing test — good pron, good pace"
Google,Sadaltager,M,MSA,V Liked,Narrative,"ok as dialogue in pairing test — good pron, good pace"
Google,Rasalgethi,M,MSA,V Liked,Narrative,"ok as dialogue in pairing test — good pron, good pace"
Google,Vindemiatrix,F,MSA,Liked,Narrative,"Good pron, good pace — backup F"
Google,Schedar,M,MSA,Liked,Narrative,"Good pron, good pace — backup M"
ElevenLabs,Yahya,M,MSA,V Liked,Narrative,"Deep, warm, expressive — VERY GOOD narrator in pairing test"
ElevenLabs,Sara,F,MSA,V Liked,Narrative,"Soft, expressive, warm — good narrator + interesting dialogue in pairing test"
ElevenLabs,Moncellence,M,Egyptian,V Liked,Narrative,"Clear, masculine — good narrator in pairing test"
ElevenLabs,Alice,F,Egyptian,V Liked,Narrative,"Smooth, charming — only Egyptian female, good dialogue in pairing test"
ElevenLabs,Farah,F,Jordanian,V Liked,Advertisement,"Premium — warm, clear, expressive"
ElevenLabs,Sara (Jordanian),F,Jordanian,V Liked,Social media,"Kind, expressive, calm"
ElevenLabs,Rima M,F,Tunisian,V Liked,Conversational,"Soothing, calm, professional — good for Tunisian/Maghreb books"
ElevenLabs,Salma,F,Levantine,Liked,Conversational,"Friendly, clear — good for Levantine dialogue"
ElevenLabs,Ghaida (narrative),F,Syrian,Liked,Narrative,"Soft, warm — good for Levantine books"
ElevenLabs,Jeddawi,M,Saudi,Liked,Narrative,"Deep, confident — from Jeddah, good for Gulf books"
ElevenLabs,Ghawi,M,Gulf,Liked,Narrative,"YouTube, audiobooks — Gulf dialect"
ElevenLabs,Fadi,M,Levantine,Liked,Conversational,"Natural Lebanese voice — good for Levant books"
