Original,Current_Status,Current_Failed_Layers,Mishkal_Output,Mishkal_Success,CAMeL_Output,CAMeL_Success,Best_Result
تابعنا,success,-,تَابَعَنَا,YES,,NO,Mishkal
على,success,-,عَلَى,YES,,NO,Mishkal
الإسكندرية,error,"diac,syl,ipa",الإسكندرية,NO,,NO,NEITHER
محمد,warning,ipa,مُحَمَّدٌ,YES,,NO,Mishkal
عامر,success,-,عَامِرٌ,YES,,NO,Mishkal
ومحمد,warning,ipa,وَمُحَمَّدٌ,YES,,NO,Mishkal
البدري,error,"syl,ipa",الْبَدْرِيُّ,YES,,NO,Mishkal
أعلنت,warning,ipa,أَعْلَنَتْ,YES,,NO,Mishkal
الشركة,warning,ipa,الشَّرِكَةُ,YES,,NO,Mishkal
الوطنية,error,"syl,ipa",الْوَطَنِيَّةُ,YES,,NO,Mishkal
للغاز,warning,syl,لِلْغَازُ,YES,,NO,Mishkal
الطبيعي,error,"syl,ipa",الطَّبِيعِيُّ,YES,,NO,Mishkal
ناتجاس,error,"diac,syl,ipa",ناتجاس,NO,,NO,NEITHER
ملء,success,-,مِلْءٌ,YES,,NO,Mishkal
الخزان,success,-,الْخَزَّانُ,YES,,NO,Mishkal
الرئيسي,error,"syl,ipa",الرَّئِيسِيُّ,YES,,NO,Mishkal
بمحطة,warning,ipa,بِمَحَطَّةٍ,YES,,NO,Mishkal
تخفيض,warning,syl,تَخْفِيضٌ,YES,,NO,Mishkal
الضغط,success,-,الضَّغْطُ,YES,,NO,Mishkal
والواقعة,error,"syl,ipa",وَالْوَاقِعَةُ,YES,,NO,Mishkal
بعد,success,-,بَعْد,YES,,NO,Mishkal
مزلقان,success,-,مِزْلَقَانِ,YES,,NO,Mishkal
بهيج,success,-,بَهِيجٌ,YES,,NO,Mishkal
ببرج,success,-,بِبُرْجٍ,YES,,NO,Mishkal
العرب,success,-,الْعَرَبُ,YES,,NO,Mishkal
وذلك,success,-,وذَلِك,YES,,NO,Mishkal
بدءاً,warning,syl,بَدْءَا,YES,,NO,Mishkal
من,success,-,مِن,YES,,NO,Mishkal
الساعة,warning,ipa,السَّاعَةُ,YES,,NO,Mishkal
الثانية,error,"syl,ipa",الثَّانِيَةُ,YES,,NO,Mishkal
عشر,success,-,عُشُرٌ,YES,,NO,Mishkal
غدًا,success,-,غَدًا,YES,,NO,Mishkal
ووفقاً,warning,syl,وَوَفْقَا,YES,,NO,Mishkal
لبيان,warning,syl,لِبَيَانٌ,YES,,NO,Mishkal
صادر,success,-,صَادِرٌ,YES,,NO,Mishkal
عن,success,-,عَن,YES,,NO,Mishkal
محافظة,warning,ipa,مُحَافَظَةٌ,YES,,NO,Mishkal
اليوم,success,-,الْيَوْمُ,YES,,NO,Mishkal
السبت,warning,ipa,السَّبْتُ,YES,,NO,Mishkal
سيجري,warning,syl,سَيَجْرِي,YES,,NO,Mishkal
إضافة,error,"diac,syl,ipa",إضَافَةٌ,YES,,NO,Mishkal
رائحة,warning,ipa,رَائِحَةٌ,YES,,NO,Mishkal
الغاز,success,-,الْغَازُ,YES,,NO,Mishkal
المعروفة,error,"syl,ipa",الْمَعْرُوفَةُ,YES,,NO,Mishkal
الأمر,warning,ipa,الْأَمْرُ,YES,,NO,Mishkal
الذي,success,-,الَّذِي,YES,,NO,Mishkal
يترتب,warning,ipa,يَتَرَتَّبُ,YES,,NO,Mishkal
عليه,success,-,عَلَيْهِ,YES,,NO,Mishkal
انبعاث,success,-,اِنْبِعَاثٌ,YES,,NO,Mishkal
غاز,success,-,غَازٌ,YES,,NO,Mishkal
يشعر,success,-,يَشْعُرُ,YES,,NO,Mishkal
بها,success,-,بِهَا,YES,,NO,Mishkal
المناطق,success,-,الْمَنَاطِقُ,YES,,NO,Mishkal
المحيطة,warning,ipa,الْمُحِيطَةُ,YES,,NO,Mishkal
سبب,success,-,سَبَبٌ,YES,,NO,Mishkal
انتشار,success,-,اِنْتِشَارٌ,YES,,NO,Mishkal
وتهيب,warning,syl,وَتُهَيِّبُ,YES,,NO,Mishkal
بأهالي,error,"diac,syl,ipa",بأهالي,NO,,NO,NEITHER
المجاورة,warning,ipa,الْمُجَاوِرَةُ,YES,,NO,Mishkal
عدم,success,-,عَدَمٌ,YES,,NO,Mishkal
الانزعاج,success,-,الْاِنْزِعَاجُ,YES,,NO,Mishkal
عند,success,-,عِنْد,YES,,NO,Mishkal
الشعور,success,-,الشُّعُورُ,YES,,NO,Mishkal
بالرائحة,error,"syl,ipa",بِالرَّائِحَةِ,YES,,NO,Mishkal
موضحة,error,"syl,ipa",مُوَضِّحَةٌ,YES,,NO,Mishkal
أن,warning,ipa,أَنّ,YES,,NO,Mishkal
هو,success,-,هُو,YES,,NO,Mishkal
إجراء,error,"syl,ipa",إِجْرَاءٌ,YES,,NO,Mishkal
اعتيادي,warning,syl,اِعْتِيَادِيٌّ,YES,,NO,Mishkal
تقوم,success,-,تَقُومُ,YES,,NO,Mishkal
به,success,-,بِه,YES,,NO,Mishkal
ولا,error,"diac,syl,ipa",ولَا,YES,,NO,Mishkal
داعي,success,-,دَاعِي,YES,,NO,Mishkal
للقلق,success,-,لِلَقْلَقَ,YES,,NO,Mishkal
نهائيا,error,"syl,ipa",نِهَائِيَّا,YES,,NO,Mishkal
وأكدت,warning,ipa,وَأَكَّدَتْ,YES,,NO,Mishkal
هذه,success,-,هَذِه,YES,,NO,Mishkal
الأعمال,error,"syl,ipa",الْأَعْمَالُ,YES,,NO,Mishkal
ستتم,warning,ipa,سَتَتِمُّ,YES,,NO,Mishkal
بأعلى,error,"syl,ipa",بأَعْلَى,YES,,NO,Mishkal
معايير,success,-,مَعَايِيرُ,YES,,NO,Mishkal
الجودة,warning,ipa,الْجَوْدَةُ,YES,,NO,Mishkal
والسلامة,warning,ipa,وَالسُّلَّامَةُ,YES,,NO,Mishkal
منوهاً,error,"syl,ipa",مُنَوِّهَا,YES,,NO,Mishkal
أنه,warning,ipa,أَنّهُ,YES,,NO,Mishkal
يمكن,success,-,يُمْكِنُ,YES,,NO,Mishkal
الاتصال,warning,ipa,الْاِتِّصَالُ,YES,,NO,Mishkal
رقم,success,-,رَقْمٌ,YES,,NO,Mishkal
في,success,-,فِي,YES,,NO,Mishkal
حالة,warning,ipa,حَالَةٌ,YES,,NO,Mishkal
وجود,success,-,وُجُودٌ,YES,,NO,Mishkal
أي,error,"diac,syl,ipa",أي,NO,,NO,NEITHER
استفسار,warning,syl,اِسْتِفْسَارٌ,YES,,NO,Mishkal
وقالت,success,-,وَقَالَتْ,YES,,NO,Mishkal
الزوجة,warning,ipa,الزَّوْجَةُ,YES,,NO,Mishkal
دعواها,warning,syl,دَعَوَاهَا,YES,,NO,Mishkal
إنها,error,"syl,ipa",إِنّهَا,YES,,NO,Mishkal
تزوجت,warning,syl,تَزَوَّجَتْ,YES,,NO,Mishkal
حب,warning,ipa,حُبٌّ,YES,,NO,Mishkal
وكانت,error,"diac,syl,ipa",وكانت,NO,,NO,NEITHER
تتطلع,success,-,تَتَطَلَّعُ,YES,,NO,Mishkal
إلى,warning,ipa,إِلَى,YES,,NO,Mishkal
حياة,error,"syl,ipa",حَيَاةٌ,YES,,NO,Mishkal
مستقلة,warning,ipa,مُسْتَقِلَّةٌ,YES,,NO,Mishkal
قائمة,warning,ipa,قَائِمَةٌ,YES,,NO,Mishkal
التفاهم,warning,ipa,التَّفَاهُمُ,YES,,NO,Mishkal
والمشاركة,warning,ipa,وَالْمُشَارَكَةُ,YES,,NO,Mishkal
لكنها,error,"syl,ipa",لَكِنّهَا,YES,,NO,Mishkal
فوجئت,warning,ipa,فُوجِئَتْ,YES,,NO,Mishkal
الزواج,warning,syl,الزَّوَاجُ,YES,,NO,Mishkal
بفرض,success,-,بِفَرْضٍ,YES,,NO,Mishkal
زوجها,warning,syl,زَوَّجَهَا,YES,,NO,Mishkal
نظامًا,warning,syl,نِظَامًا,YES,,NO,Mishkal
ثابتًا,success,-,ثَابِتًا,YES,,NO,Mishkal
لا,success,-,لَا,YES,,NO,Mishkal
يقبل,success,-,يَقْبَلُ,YES,,NO,Mishkal
التغيير,error,"syl,ipa",التَّغْيِيرُ,YES,,NO,Mishkal
يتمثل,warning,ipa,يَتَمَثَّلُ,YES,,NO,Mishkal
زيارة,error,"syl,ipa",زِيَارَةٌ,YES,,NO,Mishkal
والدته,success,-,وَالِدَتُهُ,YES,,NO,Mishkal
أسبوعيًا,error,"syl,ipa",أُسْبُوعيا,YES,,NO,Mishkal
يوم,success,-,يَوْمٌ,YES,,NO,Mishkal
محدد,success,-,مُحَدَّدٌ,YES,,NO,Mishkal
دون,success,-,دُون,YES,,NO,Mishkal
مراعاة,warning,ipa,مُرَاعَاةٌ,YES,,NO,Mishkal
لظروفها,warning,syl,لِظُروفُهَا,YES,,NO,Mishkal
أو,warning,ipa,أَو,YES,,NO,Mishkal
رغبتها,warning,syl,رَغِبَتْهَا,YES,,NO,Mishkal
وأضافت,warning,ipa,وَأَضَافَتْ,YES,,NO,Mishkal
كل,success,-,كُلّ,YES,,NO,Mishkal
أسبوع,error,"syl,ipa",أُسْبُوعٌ,YES,,NO,Mishkal
نفس,success,-,نَفْس,YES,,NO,Mishkal
ونفس,warning,syl,ونَفْس,YES,,NO,Mishkal
الزيارة,error,"syl,ipa",الزِّيَارَةُ,YES,,NO,Mishkal
الكلام,warning,syl,الْكِلَاَمُ,YES,,NO,Mishkal
وبحس,warning,ipa,وَبِحِسٍّ,YES,,NO,Mishkal
إن,warning,ipa,إِنّ,YES,,NO,Mishkal
وجودي,success,-,وُجُودِيٌّ,YES,,NO,Mishkal
تقيل,success,-,تُقِيلُ,YES,,NO,Mishkal
كأنها,error,"syl,ipa",كأَنّهَا,YES,,NO,Mishkal
ناقص,success,-,نَاقِصٌ,YES,,NO,Mishkal
تقول,success,-,تَقُولُ,YES,,NO,Mishkal
لي,success,-,لِي,YES,,NO,Mishkal
امشي,warning,syl,اِمْشِي,YES,,NO,Mishkal
وأوضحت,warning,ipa,وَأَوْضَحَتْ,YES,,NO,Mishkal
سحر,success,-,سَحَرٌ,YES,,NO,Mishkal
اعتراضها,success,-,اِعْتِرَاضُهَا,YES,,NO,Mishkal
لم,success,-,لَم,YES,,NO,Mishkal
يكن,warning,ipa,يَكُنُّ,YES,,NO,Mishkal
مبدأ,error,"syl,ipa",مَبْدَأٌ,YES,,NO,Mishkal
والدة,warning,ipa,وَالِدَةٌ,YES,,NO,Mishkal
مؤكدة,warning,ipa,مُؤَكِّدَةٌ,YES,,NO,Mishkal
احترامها,success,-,اِحْتِرَامُهَا,YES,,NO,Mishkal
لها,success,-,لَهَا,YES,,NO,Mishkal
لكن,warning,ipa,لَكِنّ,YES,,NO,Mishkal
المشكلة,warning,ipa,الْمُشَكَّلَةُ,YES,,NO,Mishkal
بحسب,warning,syl,بحَسْب,YES,,NO,Mishkal
قولها,error,"syl,ipa",قَوَّلَهَا,YES,,NO,Mishkal
تمثلت,warning,ipa,تَمَثَّلَتْ,YES,,NO,Mishkal
تحويل,warning,syl,تَحْوِيلٌ,YES,,NO,Mishkal
التزام,success,-,اِلْتِزَامٌ,YES,,NO,Mishkal
إجباري,error,"syl,ipa",إِجْبَارِيٌّ,YES,,NO,Mishkal
التأجيل,error,"syl,ipa",التَّأْجِيلُ,YES,,NO,Mishkal
حتى,warning,ipa,حَتَّى,YES,,NO,Mishkal
المناسبات,success,-,الْمُنَاسَبَاتُ,YES,,NO,Mishkal
الخاصة,warning,ipa,الْخَاصَّةُ,YES,,NO,Mishkal
الإجازات,error,"syl,ipa",الْإجَازَاتُ,YES,,NO,Mishkal
القصيرة,warning,ipa,الْقَصِيرَةُ,YES,,NO,Mishkal
التي,success,-,الَّتِي,YES,,NO,Mishkal
كانت,error,"diac,syl,ipa",كانت,NO,,NO,NEITHER
تأمل,warning,ipa,تَأْمُلُ,YES,,NO,Mishkal
قضاءها,success,-,قَضَاءَهَا,YES,,NO,Mishkal
مع,success,-,مَع,YES,,NO,Mishkal
الخروج,success,-,الْخُرُوجُ,YES,,NO,Mishkal
معًا,success,-,مَعًا,YES,,NO,Mishkal
قائلة,warning,ipa,قَائِلَةٌ,YES,,NO,Mishkal
لو,success,-,لَو,YES,,NO,Mishkal
قلت,success,-,قُلْتُ,YES,,NO,Mishkal
نغير,error,"syl,ipa",نُغَيِّرُ,YES,,NO,Mishkal
نأجل,warning,ipa,نَأْجُلُ,YES,,NO,Mishkal
شوية,error,"syl,ipa",شَوِيَّةٌ,YES,,NO,Mishkal
تحصل,warning,ipa,تَحَصَّلَ,YES,,NO,Mishkal
مشكلة,warning,ipa,مُشَكَّلَةٌ,YES,,NO,Mishkal
كبيرة,warning,ipa,كَبِيرَةٌ,YES,,NO,Mishkal
وأشارت,warning,ipa,وَأَشَارَتْ,YES,,NO,Mishkal
أنها,error,"syl,ipa",أَنّهَا,YES,,NO,Mishkal
حاولت,success,-,حَاوَلَتْ,YES,,NO,Mishkal
أكثر,warning,ipa,أَكْثَرَ,YES,,NO,Mishkal
مرة,warning,ipa,مَرَّة,YES,,NO,Mishkal
بهدوء,success,-,بِهُدُوءٍ,YES,,NO,Mishkal
مطالبة,warning,ipa,مُطَالَبَةٌ,YES,,NO,Mishkal
بقدر,success,-,بِقَدْرٍ,YES,,NO,Mishkal
المرونة,warning,ipa,الْمُرُونَةُ,YES,,NO,Mishkal
وتخصيص,warning,syl,وَتَخْصِيصٌ,YES,,NO,Mishkal
وقت,success,-,وَقْتَ,YES,,NO,Mishkal
لهما,success,-,لهُمَا,YES,,NO,Mishkal
كزوجين,success,-,كَزَوْجَيْنِ,YES,,NO,Mishkal
إلا,warning,ipa,إِلَّا,YES,,NO,Mishkal
كان,success,-,كَان,YES,,NO,Mishkal
يرد,success,-,يَرُدُّ,YES,,NO,Mishkal
دائمًا,warning,ipa,دَائِمًا,YES,,NO,Mishkal
رضا,success,-,رِضَا,YES,,NO,Mishkal
أمي,warning,ipa,أُمِّيٌّ,YES,,NO,Mishkal
قبل,success,-,قَبْل,YES,,NO,Mishkal
حد,warning,ipa,حَدٌّ,YES,,NO,Mishkal
ويعتبر,warning,syl,وَيَعْتَبِرُ,YES,,NO,Mishkal
نقاش,success,-,نِقَاشٌ,YES,,NO,Mishkal
تقليلًا,warning,syl,تَقْليلًا,YES,,NO,Mishkal
شأن,warning,ipa,شَأْنٌ,YES,,NO,Mishkal
مضيفة,warning,ipa,مُضِيفَةٌ,YES,,NO,Mishkal
حسيت,warning,syl,حُسِيَتْ,YES,,NO,Mishkal
حياتنا,warning,syl,حَيَاتُنَا,YES,,NO,Mishkal
كلها,warning,syl,كُلّهَا,YES,,NO,Mishkal
ماشية,error,"syl,ipa",مَاشِيَةٌ,YES,,NO,Mishkal
بجدول,warning,syl,بِجَدْوَلٍ,YES,,NO,Mishkal
وأنا,warning,ipa,وأَنَا,YES,,NO,Mishkal
مجرد,warning,ipa,مُجَرَّدٌ,YES,,NO,Mishkal
ولفتت,success,-,وَلَفَتَتْ,YES,,NO,Mishkal
تدخلات,warning,ipa,تَدَخُّلَاتٌ,YES,,NO,Mishkal
حماتها,success,-,حَمَاتُهَا,YES,,NO,Mishkal
تفاصيل,success,-,تَفَاصِيلُ,YES,,NO,Mishkal
حياتهما,warning,syl,حَيَاتُهُمَا,YES,,NO,Mishkal
زادت,success,-,زَادَتْ,YES,,NO,Mishkal
حدة,warning,ipa,حَدَّةٌ,YES,,NO,Mishkal
الخلافات,warning,syl,الْخِلَاَفَاتُ,YES,,NO,Mishkal
خاصة,warning,ipa,خَاصَّةٌ,YES,,NO,Mishkal
تكرار,warning,syl,تَكْرَارٌ,YES,,NO,Mishkal
الزيارات,warning,syl,الزِّيَارَاتُ,YES,,NO,Mishkal
الأسبوعية,error,"syl,ipa",الْأُسْبُوعِيَّةُ,YES,,NO,Mishkal
بيحكيلها,error,"diac,syl,ipa",بيحكيلها,NO,,NO,NEITHER
بيتنا,warning,syl,بَيَّتَنَا,YES,,NO,Mishkal
ما,success,-,مَا,YES,,NO,Mishkal
تسبب,success,-,تَسَبَّبَ,YES,,NO,Mishkal
شعورها,success,-,شُعُورُهَا,YES,,NO,Mishkal
بعدم,success,-,بِعَدَمٍ,YES,,NO,Mishkal
الارتياح,warning,syl,الْاِرْتِيَاحُ,YES,,NO,Mishkal
داخل,success,-,دَاخِلٌ,YES,,NO,Mishkal
منزل,warning,syl,مَنْزِلٌ,YES,,NO,Mishkal
الزوجية,error,"syl,ipa",الزَّوْجِيَّةُ,YES,,NO,Mishkal
الضغوط,success,-,الضُّغُوطُ,YES,,NO,Mishkal
النفسية,error,"syl,ipa",النَّفْسِيَّةُ,YES,,NO,Mishkal
الناتجة,warning,ipa,النَّاتِجَةُ,YES,,NO,Mishkal
هذا,success,-,هَذَا,YES,,NO,Mishkal
الروتين,warning,ipa,الرُّوتِينُ,YES,,NO,Mishkal
المستمر,warning,ipa,الْمُسْتَمِرُّ,YES,,NO,Mishkal
أفقدتها,warning,ipa,أَفَقُدْتُهَا,YES,,NO,Mishkal
الإحساس,error,"syl,ipa",الْإِحْسَاسُ,YES,,NO,Mishkal
بالأمان,error,"syl,ipa",بِالْأمَانِ,YES,,NO,Mishkal
والاستقرار,warning,syl,وَالْاِسْتِقْرَارُ,YES,,NO,Mishkal
وأدخلتها,error,"syl,ipa",وَأَدْخَلَتْهَا,YES,,NO,Mishkal
الضيق,warning,syl,الضَّيِّقُ,YES,,NO,Mishkal
والحزن,error,"syl,ipa",وَاِلْحَزِنَّ,YES,,NO,Mishkal
لتختتم,success,-,لِتَخْتَتِمُ,YES,,NO,Mishkal
بالقول,warning,syl,بِالْقَوْلِ,YES,,NO,Mishkal
الجواز,warning,syl,الْجَوَازُ,YES,,NO,Mishkal
مشاركة,warning,ipa,مُشَارَكَةٌ,YES,,NO,Mishkal
مش,success,-,مَشَّ,YES,,NO,Mishkal
جدول,warning,syl,جَدْوَلٌ,YES,,NO,Mishkal
ثابت,success,-,ثَابِتٌ,YES,,NO,Mishkal
ولما,warning,ipa,ولَمَّا,YES,,NO,Mishkal
حياتك,warning,syl,حَيَاتُكَ,YES,,NO,Mishkal
تتقفل,error,"diac,syl,ipa",تتقفل,NO,,NO,NEITHER
روتين,success,-,رُوتِينٌ,YES,,NO,Mishkal
واحد,success,-,وَاحِدٌ,YES,,NO,Mishkal
بتحس,warning,ipa,بِتَحَسٍّ,YES,,NO,Mishkal
إنك,warning,ipa,إِنّكَ,YES,,NO,Mishkal
مخنوق,warning,syl,مَخْنُوقٌ,YES,,NO,Mishkal
وحملت,success,-,وَحَمَلَتْ,YES,,NO,Mishkal
الدعوى,warning,syl,الدَّعْوَى,YES,,NO,Mishkal
لسنة,warning,ipa,لِسَنَةٌ,YES,,NO,Mishkal
تزال,success,-,تُزَالُ,YES,,NO,Mishkal
منظورة,error,"syl,ipa",مَنْظُورَةٌ,YES,,NO,Mishkal
أمام,warning,ipa,أَمَامَ,YES,,NO,Mishkal
المحكمة,warning,ipa,الْمَحْكَمَةُ,YES,,NO,Mishkal
ولم,warning,syl,ولَم,YES,,NO,Mishkal
يُفصل,warning,ipa,يُفَصِّلُ,YES,,NO,Mishkal
فيها,success,-,فِيهَا,YES,,NO,Mishkal
الآن,warning,syl,الْآن,YES,,NO,Mishkal
