Type,Segment_ID,Line_Num,Text,Speaker,Attribution,Detection_Method,Confidence,Status,Needs_Review
SEGMENT,1,1,أوﻻد ﺣﺎرﺗﻨﺎ,Narrator,-,default,high,success,-
SEGMENT,2,2,ﻫﺬه ﻓﺰورة ﻳﺎ اﺑﻦ اﻟﺠﺎرﻳﺔ!,وﻗﺎل,وﺿﺤﻚ ﺿﺤﻜﺔ ًﻛﺮﻳﻬﺔ وﻗﺎل,colon_pattern,high,success,-
SEGMENT,3,3,ﻋﺪ إﱃ ﻛﻮﺧﻚ واﺧﺰ ِاﻟﺸﻴﻄﺎن.,ﺑﻐﻀﺐ,وﺻﺎﺣﺖ أﻣﻴﻤﺔ ﺑﻐﻀﺐ,colon_pattern,high,success,-
SEGMENT,4,4,»ﻋﺠﺎﻳﺐ وﷲ ﻋﺠﺎﻳﺐ«.,أﺗﻰ,وﻧﺎدﺗﻪ اﻣﺮأﺗﻪ ﺑﺤﺪة، ﻓﺮﺟﻊ ﻣﻦ ﺣﻴﺚ أﺗﻰ وﻫﻮ ﻳﱰﻧﻢ,colon_pattern,high,success,-
SEGMENT,5,5,ﺗﺠﻨﺐ اﻻﺷﺘﺒﺎك ﻣﻌﻪ ﺑﺄي ﺛﻤﻦ.,زوﺟﻬﺎ,وﺗﻮﺳﻠﺖ أﻣﻴﻤﺔ إﱃ زوﺟﻬﺎ ﻗﺎﺋﻠﺔ,colon_pattern,high,success,-
SEGMENT,6,6,– إﻧﻲ أﺟﺪه ﻓﺠﺄة ﻓﻮق رأﳼ دون أن أدري ﻛﻴﻒ ﺟﺎء.,Narrator,-,default,high,success,-
SEGMENT,7,7,ﻗﻠﺒﻲ ﻳﺤﺪﺛﻨﻲ,ﺻﻤﺖ,وﺳﺎد ﺻﻤﺖ اﺗﺨﺬا ﻣﻨﻪ ﻣﺴﻜﻨًﺎ ﻻﻧﻔﻌﺎﻟﻬﻤﺎ. وﻋﺎدت أﻣﻴﻤﺔ ﺗﻘﻮل ﺑﺮﻗﱠﺔ,colon_pattern,high,success,-
SEGMENT,8,8,ﺑﺄﻧﻨﻲ ﺳﺄﺟﻌﻞ ﻣﻦ ﻛﻮﺧﻨﺎ ﺑﻴﺘًﺎ ﺷﺒﻴﻬًﺎ ﺑﺎﻟﺒﻴﺖ اﻟﺬي ﻃﺮدﻧﺎ ﻣﻨﻪ، ﻟﻦ ﺗﻨﻘﺼﻪ اﻟﺤﺪﻳﻘﺔ وﻻ,Narrator,-,default,high,success,-
SEGMENT,9,9,اﻟﺒﻼﺑﻞ، وﺳﻴﻠﻘﻰ وﻟﻴﺪﻧﺎ ﻓﻴﻪ ﻛﻞ راﺣﺔ وﻣﺘﻌﺔ.,Narrator,-,default,high,success,-
SEGMENT,10,10,ﻓﻮﻗﻒ أدﻫﻢ وﻫﻮ ﻳﺒﺘﺴﻢ اﺑﺘﺴﺎﻣﺔ ﻟﻢ ﺗﺮﻫﺎ ﰲ اﻟﻈﻼم، وﻗﺎل ﺳﺎﺧﺮًا وﻫﻮ ﻳﻨﻔﺾ اﻟﱰاب,Narrator,-,default,high,success,-
SEGMENT,11,11,اﻟﺨﻴﺎر اﻟﻘﺸﻄﺔ .. اﻟﺨﻴﺎر اﻟﺴﻜﺮ! واﻟﻌﺮق ﻳﺘﺼﺒﺐ ﻣﻦ ﺟﺴﺪي واﻟﻐﻠﻤﺎن ﻳﺘﺴﻠﻮن,ﺟﻠﺒﺎﺑﻪ,ﻋﻦ ﺟﻠﺒﺎﺑﻪ,colon_pattern,high,success,-
SEGMENT,12,12,ﺑﻤﻌﺎﻛﺴﺘﻲ، واﻷرض ﺗﺄﻛﻞ ﻗﺪﻣﻲﱠ ، ﰲ ﺳﺒﻴﻞ ﻣﻼﻟﻴﻢ!,Narrator,-,default,high,success,-
SEGMENT,13,13,ﻟﻜﻦ ﺳﻴﺄﺗﻲ ﻳﻮم املﺮح واﻟﻐﻨﺎء.,اﻟﻜﻮخ,ودﺧﻞ اﻟﻜﻮخ ﻓﺘﺒﻌﺘﻪ وﻫﻲ ﺗﻘﻮل,colon_pattern,high,success,-
SEGMENT,14,14,– ﻟﻮ ﻛﻨﺖ ِﺗﺸﻘني ﻣﺎ وﺟﺪت وﻗﺘًﺎ ﻟﻸﺣﻼم.,Narrator,-,default,high,success,-
SEGMENT,15,15,أﻟﻴﺲ ﷲ ﺑﻘﺎدر ﻋﲆ أن ﻳﺠﻌﻞ,ورﻗﺪ,ورﻗﺪ ﻛﻞ ﱞ ﻣﻨﻬﻤﺎ ﻋﲆ ﺧﻴﺸﺔ ٍﻣﺤﺸﻮة ﺑﺎﻟﻘﺶ، وﻫﻲ ﺗﻘﻮل,colon_pattern,high,success,-
SEGMENT,16,16,ﻣﻦ ﻛﻮﺧﻨﺎ ﺑﻴﺘًﺎ ﻛﺎﻟﺒﻴﺖ اﻟﻜﺒري اﻟﺬي ﻃُﺮدﻧﺎ ﻣﻨﻪ؟,Narrator,-,default,high,success,-
SEGMENT,17,17,أﻣﻨﻴﺘﻲ أن أﻋﻮد إﱃ اﻟﺒﻴﺖ اﻟﻜﺒري.,ﻓﻘﺎل,ﻓﻘﺎل أدﻫﻢ وﻫﻮ ﻳﺘﺜﺎءب,colon_pattern,high,success,-
SEGMENT,18,18,اﻟﻌﻤﻞ ﻟﻌﻨﺔ!,ﺑﺪرﺟﺔ,ﺛﻢ وﻫﻮ ﻳﺘﺜﺎءب ﺑﺪرﺟﺔ ٍأﻋﲆ,colon_pattern,high,success,-
SEGMENT,19,19,رﺑﻤﺎ، وﻟﻜﻨﻬﺎ ﻟﻌﻨﺔ ﻻ ﺗﺰول إﻻ ﺑﺎﻟﻌﻤﻞ!,ٍﻫﺎﻣﺲ,ﻓﻘﺎﻟﺖ ﺑﺼﻮت ٍﻫﺎﻣﺲ,colon_pattern,high,success,-
SEGMENT,20,20,١٢,Narrator,-,default,high,success,-
SEGMENT,21,21,وذات ﻟﻴﻠﺔ اﺳﺘﻴﻘﻆ أدﻫﻢ ﻋﲆ ﺗﺄوﻫﺎت ٍﻋﻤﻴﻘﺔ. وﻟﺒﺚ وﻫﻮ ﺑني اﻟﻨﻮم واﻟﻴﻘﻈﺔ ﺣﺘﻰ ﺗﺒني,Narrator,-,default,high,success,-
SEGMENT,22,22,»آه ﻳﺎ ﻇﻬﺮي … آه ﻳﺎ ﺑﻄﻨﻲ!« ﻓﺠﻠﺲ ﻣﻦ ﻓﻮره وﻫﻮ,ﺗﺘﻮﺟﻊ,ﺻﻮت أﻣﻴﻤﺔ وﻫﻲ ﺗﺘﻮﺟﻊ ﻫﺎﺗﻔﺔ,colon_pattern,high,success,-
SEGMENT,23,23,ﻫﺬا ﺣﺎﻟﻚ ﻫﺬه اﻷﻳﺎم ﺛﻢ ﻳﻨﺠﲇ ﻋﻦ ﻻ ﳾء، أﺷﻌﲇ اﻟﺸﻤﻌﺔ.,ﻳﺤﻤﻠﻖ,ﻳﺤﻤﻠﻖ ﺻﻮﺑﻬﺎ، ﺛﻢ ﻗﺎل,colon_pattern,high,success,-
SEGMENT,24,24,أﺷﻌﻠﻬﺎ ﺑﻨﻔﺴﻚ، ﻫﺬه املﺮة ﺟﺪﱞ.,ﻓﻘﺎﻟﺖ,ﻓﻘﺎﻟﺖ وﻫﻲ ﺗﱧﱠ,colon_pattern,high,success,-
SEGMENT,25,25,ﻓﻘﺎم ﻳﺘﺤﺴﺲ ﻣﻮﺿﻊ اﻟﺸﻤﻌﺔ ﺑني أدوات اﻟﻄﻬﻲ ﺣﺘﻰ ﻋﺜﺮ ﻋﻠﻴﻬﺎ، ﻓﺄﺷﻌﻠﻬﺎ، وﺛﺒﺘﻬﺎ,Narrator,-,default,high,success,-
SEGMENT,26,26,ﻋﲆ اﻟﻄﺒﻠﻴﺔ، ﻓﺒﺪت أﻣﻴﻤﺔ ﻋﲆ اﻟﻀﻮء اﻟﺨﺎﻓﺖ ﺟﺎﻟﺴﺔ ًﻣﺘﻜﺌﺔ ﻋﲆ ﺳﺎﻋﺪﻳﻬﺎ، ﺗﱧ، وﺗﺮﻓﻊ,Narrator,-,default,high,success,-
SEGMENT,27,27,ﻫﺬا ﻣﺎ ﺗﻈﻨﻴﻨﻪ ﻛﻠﻤﺎ ﺷﻌﺮت ﺑﻮﺟﻊ.,ﺑﻘﻠﻖ,رأﺳﻬﺎ؛ ﻟﺘﺘﻨﻔﺲ ﺑﺼﻌﻮﺑﺔ ٍﻇﺎﻫﺮة. وﻗﺎل اﻟﺮﺟﻞ ﺑﻘﻠﻖ,colon_pattern,high,success,-
SEGMENT,28,28,ﻛﻼ، أﻧﺎ ﻣﺘﺄﻛﺪة أن ﻫﺬه املﺮة ﺟﺪﱞ.,ﻓﻘﺎﻟﺖ,ﻓﻘﺎﻟﺖ ﺑﻮﺟﻪ ٍﻣﺘﻘﻠﺺ,colon_pattern,high,success,-
SEGMENT,29,29,44,Narrator,-,default,high,success,-
SEGMENT,30,30,أوﻻد ﺣﺎرﺗﻨﺎ,Narrator,-,default,high,success,-
SEGMENT,31,31,ﻳﺤﺴﻦ ﺑﻨﺎ أن,ﺳﻤﺎع,ﻓﺄﺷﻔﻖ أدﻫﻢ ﻣﻦ ﺳﻤﺎع زوﺟﻪ ﻫﺬا اﻟﺼﻮت، ﻟﻜﻨﻪ دارى ﺣﻨﻘﻪ ﻗﺎﺋﻼً,colon_pattern,high,success,-
SEGMENT,32,32,ﻧﻘﻒ ﺑﻌﻴﺪًا ﻋﻦ اﻟﻜﻮخ.,Narrator,-,default,high,success,-
SEGMENT,33,33,– ﺗﻌﺎل ﺑﻨﺎ إﱃ ﻛﻮﺧﻲ أﻗﺪم ْﻟﻚ اﻟﺸﺎي، وﺗﺮى ﻫﻨﺪ وﻫﻲ ﺗﻐﻂ ﰲ اﻟﻨﻮم.,Narrator,-,default,high,success,-
SEGMENT,34,34,ﻟﻜﻦ أدﻫﻢ اﺑﺘﻌﺪ ﻋﻦ ﻛﻮﺧﻪ دون أن ﻳﺘﺠﻪ ﻧﺤﻮ ﻛﻮخ اﻵﺧﺮ، وﻫﻮ ﻳﻠﻌﻨﻪ ﰲ ﴎه ﰲ,Narrator,-,default,high,success,-
SEGMENT,35,35,ﺳﺘﻜﻮن أﺑًﺎ ﻗﺒﻞ ﻃﻠﻮع اﻟﺼﺒﺢ. إﻧﻪ ﺗﻐري ﱡ ٌﺧﻄري، ﻣﻦ,ﻏﻴﻆ,ﻏﻴﻆ ٍﻣﻜﺘﻮم، ﻓﺘﺒﻌﻪ إدرﻳﺲ وﻫﻮ ﻳﻘﻮل,colon_pattern,high,success,-
SEGMENT,36,36,ﻓﻮاﺋﺪه أن ﺗﺸﻌﺮ ﺑﺎﻟﺮاﺑﻄﺔ اﻟﺘﻲ ﻳﻤﺰﻗﻬﺎ أﺑﻮك ﰲ ﻳﴪ وﺑﻼدة.,Narrator,-,default,high,success,-
SEGMENT,37,37,ﻫﺬا اﻟﻜﻼم ﻳﻀﺎﻳﻘﻨﻲ.,ﺑﻘﻮﻟﻪ,ﻓﻨَﻔﱠ ﺲ أدﻫﻢ ﻋﻦ ﺿﻴﻘﻪ ﺑﻘﻮﻟﻪ,colon_pattern,high,success,-
SEGMENT,38,38,– رﺑﻤﺎ، ﻟﻜﻦ ﻻ ﻫﻢ ﻟﻨﺎ ﻏريه.,Narrator,-,default,high,success,-
SEGMENT,39,39,إدرﻳﺲ، ملﺎذا ﺗﺘﺒﻌﻨﻲ وأﻧﺖ ﺗﻌﻠﻢ أن,ﻗﺎل,ﻓﺴﻜﺖ أدﻫﻢ ﻣﱰددًا، ﺛﻢ ﻗﺎل ﺑﴚء ﻣﻦ اﻹﺷﻔﺎق,colon_pattern,high,success,-
SEGMENT,40,40,ﻻ ﻣﻮدة ﺑﻴﻨﻨﺎ؟!,Narrator,-,default,high,success,-
SEGMENT,41,41,ﻳﺎ ﻟﻚ ﻣﻦ ﻃﻔﻞ ﻗﻠﻴﻞ اﻟﺤﻴﺎء! ﻟﻘﺪ أﻳﻘﻈﻨﻲ ﴏاخ زوﺟﻚ,وﻗﺎل,ﻓﻘﻬﻘﻪ إدرﻳﺲ ﻋﺎﻟﻴًﺎ وﻗﺎل,colon_pattern,high,success,-
SEGMENT,42,42,ﻣﻦ أﺣﲆ ﻧﻮﻣﺔ ﻓﻠﻢ أﺳﻤﺢ ﻟﻨﻔﴘ ﺑﺎﻟﻐﻀﺐ، وﻋﲆ اﻟﻌﻜﺲ ﺟﺌﺖ ﻷﻗﺪم ﻟﻚ املﻌﻮﻧﺔ إن ﻛﻨﺖ ﰲ,Narrator,-,default,high,success,-
SEGMENT,43,43,ﺣﺎﺟﺔ إﻟﻴﻬﺎ، وإن أﺑﺎك ﻟﻴﺴﻤﻊ اﻟﴫاخ ﻛﻤﺎ ﺳﻤﻌﺘﻪ وﻟﻜﻨﻪ ﻋﺎود اﻟﻨﻮم ﻛﻤﻦ ﻻ ﻗﻠﺐ ﻟﻪ.,Narrator,-,default,high,success,-
SEGMENT,44,44,ﺣﺴﺒﻨﺎ ﻣﺎ ﻛُﺘﺐ ﻟﻨﺎ ﻣﻦ ﻣﺼري، أﻻ ﺗﺴﺘﻄﻴﻊ أن ﺗﺘﺠﺎﻫﻠﻨﻲ ﻛﻤﺎ,ﺿﺠﺮ,ﻓﻘﺎل أدﻫﻢ ﰲ ﺿﺠﺮ,colon_pattern,high,success,-
SEGMENT,45,45,أﺗﺠﺎﻫﻠﻚ؟,Narrator,-,default,high,success,-
SEGMENT,46,46,– إﻧﻚ ﺗﻜﺮﻫﻨﻲ ﻳﺎ أدﻫﻢ، ﻻ ﻷﻧﻨﻲ ﻛﻨﺖ اﻟﺴﺒﺐ ﰲ ﻃﺮدك، وﻟﻜﻦ ﻷﻧﻨﻲ أذﻛﱢﺮك ﺑﻀﻌﻔﻚ.,Narrator,-,default,high,success,-
SEGMENT,47,47,إﻧﻚ ﺗﻜﺮه ﰲ ﱠ ﻧﻔﺴﻚ اﻵﺛﻤﺔ، أﻣﺎ أﻧﺎ ﻓﻠﻢ ﻳﻌﺪ ﱄ ﻣﻦ ﻣﱪر ﻟﻜﺮاﻫﻴﺘﻚ؛ ﺑﻞ أﻧﺖ اﻟﻴﻮم ﻋﺰاﺋﻲ,Narrator,-,default,high,success,-
SEGMENT,48,48,وﺗﺴﻠﻴﺘﻲ، وﻻ ﺗﻨﺲ َأﻧﻨﺎ ﺟريان، وأول ﻣﻦ ﺳﻜﻦ ﻫﺬا اﻟﺨﻼء ﻣﻦ اﻷﺣﻴﺎء، وﺳﻴﺪب ﱡ ﻋﻠﻴﻪ أوﻻدﻧﺎ,Narrator,-,default,high,success,-
SEGMENT,49,49,ﺟﻨﺒًﺎ إﱃ ﺟﻨﺐ.,Narrator,-,default,high,success,-
SEGMENT,50,50,– إﻧﻚ ﺗﺘﻠﺬذ ﺑﺘﻌﺬﻳﺒﻲ.,Narrator,-,default,high,success,-
SEGMENT,51,51,,ﻣﻨﱠﻰ,ﻓﺼﻤﺖ إدرﻳﺲ ﻣﻠﻴٍّﺎ ﺣﺘﻰ ﻣﻨﱠﻰ أدﻫﻢ ﻧﻔﺴﻪ ﺑﺎﻟﺨﻼص، وﻟﻜﻨﻪ ﻋﺎد ﻳﺴﺄل ﺑﻠﻬﺠﺔ ٍﺟﺪﻳﺔ,colon_pattern,high,success,-
SEGMENT,52,52,ملﺎذا ﻻ ﻧﺘﻔﻖ؟,Narrator,-,default,high,success,-
SEGMENT,53,53,ﻷﻧﻨﻲ ﺑﻴﺎع ﻋﲆ ﻗﺪ ﱢ ﺣﺎﱄ وأﻧﺖ رﺟﻞ ﻫﻮاﻳﺘﻚ اﻟﴬب واﻻﻋﺘﺪاء.,ﻳﺘﻨﻬﺪ,ﻓﻘﺎل أدﻫﻢ ﻫﻮ ﻳﺘﻨﻬﺪ,colon_pattern,high,success,-
SEGMENT,54,54,وﻋﺎد ﴏاخ أﻣﻴﻤﺔ ﻳﻌﻠﻮ وﻳﺸﺘﺪ ﻓﺮﻓﻊ أدﻫﻢ رأﺳﻪ ﻣﺘﻮﺳﻼً، ﻓﺄدرك ﻣﻦ ﺗﻮه أن ﻛﺜﺎﻓﺔ,Narrator,-,default,high,success,-
SEGMENT,55,55,ﻣﺎ أﻟﻌﻦ اﻷﻟﻢ!,وأن,اﻟﻈﻼم ﻗﺪ ﺧﻔﱠ ﺖ، وأن اﻟﻔﺠﺮ ﺗﺴﻠﱠﻖ اﻟﺠﺒﻞ. وﻫﺘﻒ أدﻫﻢ,colon_pattern,high,success,-
SEGMENT,56,56,ﻣﺎ أﺟﻤﻞ اﻟﺮﻗﺔ! ﺧﻠﻘﺖ َﻹدارة اﻟﻮﻗﻒ واﻟﻨﻔﺦ ﰲ اﻟﻨﺎي.,ﺿﺎﺣﻜًﺎ,ﻓﻘﺎل إدرﻳﺲ ﺿﺎﺣﻜًﺎ,colon_pattern,high,success,-
SEGMENT,57,57,– اﺳﺨﺮ ﻣﺎ ﺷﺌﺖ، إﻧﻲ ﻣﺘﺄﻟﻢ.,Narrator,-,default,high,success,-
SEGMENT,58,58,– ملﺎذا؟ ﺣﺴﺒﺖ ُاﻣﺮأﺗﻚ ﻫﻲ املﺘﺄملﺔ!,Narrator,-,default,high,success,-
SEGMENT,59,59,46,Narrator,-,default,high,success,-
SEGMENT,60,60,أدﻫﻢ,Narrator,-,default,high,success,-
SEGMENT,61,61,دﻋﻨﻲ وﺷﺄﻧﻲ.,ﻓﺼﺎح,ﻓﺼﺎح أدﻫﻢ ﻣﻦ ﻓﺮط ﺟﺰﻋﻪ,colon_pattern,high,success,-
SEGMENT,62,62,أﺗﺮﻳﺪ أن ﺗﺼري أﺑًﺎ ﺑﻼ ﺛﻤﻦ؟,ﻣﻐﻴﻆ,ﻓﺘﺴﺎءل اﻵﺧﺮ ﰲ ﻫﺪوء ﻣﻐﻴﻆ,colon_pattern,high,success,-
SEGMENT,63,63,أﻧﺖ ﺣﻜﻴﻢ، وﻗﺪ ﺟﺌﺖ أﻋﺮض,اﻟﺼﻤﺖ,ﻓﻠﺰم أدﻫﻢ اﻟﺼﻤﺖ وﻫﻮ ﻳﻨﻔﺦ، ﻓﻘﺎل إدرﻳﺲ ﻣﺘﻌﻄﻔًﺎ,colon_pattern,high,success,-
SEGMENT,64,64,ﻋﻠﻴﻚ ﻋﻤﻼ ًﺗﺴﺘﻌني ﺑﻪ ﻋﲆ إﺳﻌﺎد املﺨﻠﻮﻗﺎت اﻟﻘﺎدﻣﺔ، إن ﻫﺬا اﻟﺬي ﻧﺴﻤﻊ ﻣﻘﺪﻣﺎت ﺗﴩﻳﻔﻪ,Narrator,-,default,high,success,-
SEGMENT,65,65,اﻷول وﻟﻴﺲ اﻷﺧري، ﻓﺈن ﺷﻬﻮاﺗﻨﺎ ﻻ ﺗﻘﻨﻊ إﻻ ﺑﺄن ﺗﺒﻨﻲ ﻓﻮﻗﻨﺎ ﺗﻼ ٍّﻣﻦ اﻟﺬرﻳﺔ اﻟﺼﺎﺧﺒﺔ، ﻣﺎ,Narrator,-,default,high,success,-
SEGMENT,66,66,رأﻳﻚ؟,Narrator,-,default,high,success,-
SEGMENT,67,67,– اﻟﻀﻴﺎء ﻳﻠﻮح ﻓﺎذﻫﺐ ﻟﺘﺴﺘﻮﰲ َﻧﻮﻣﻚ.,Narrator,-,default,high,success,-
SEGMENT,68,68,وﺗﻌﺎﱃ اﻟﴫاخ، ﻣﺘﺘﺎﺑﻌًﺎ ﻣﺘﻮاﺻﻼً، ﺣﺘﻰ ﺿﺎق أدﻫﻢ ﺑﻤﻮﻗﻔﻪ ﻓﺮﺟﻊ إﱃ اﻟﻜﻮخ اﻟﺬي,Narrator,-,default,high,success,-
SEGMENT,69,69,ﺷﻒ ﱠ ﻋﻨﻪ اﻟﻈﻼم، وﺑﻠﻐﻪ وأﻣﻴﻤﺔ ﺗﺮﺳﻞ ﺗﻨﻬﻴﺪة ًﻋﻤﻴﻘﺔ ﻣﺜﻞ ﺧﺘﺎم أﻏﻨﻴﺔ ٍﺣﺰﻳﻨﺔ. اﻗﱰب ﻣﻦ,Narrator,-,default,high,success,-
SEGMENT,70,70,ﻛﻴﻒ اﻟﺤﺎل ﻋﻨﺪﻛﻢ؟,اﻟﻜﻮخ,ﺑﺎب اﻟﻜﻮخ وﻫﻮ ﻳﺘﺴﺎءل,colon_pattern,high,success,-
SEGMENT,71,71,»اﻧﺘﻈﺮ!« ﺗﺤﻔﱠ ﺰ ﻗﻠﺒﻪ ﻟﻼرﺗﻴﺎح ﻋﻨﺪﻣﺎ ﺧُﻴﻞ إﻟﻴﻪ أن,ﻓﺠﺎءه,ﻓﺠﺎءه ﺻﻮت اﻟﺪاﻳﺔ وﻫﻮ ﻳﻘﻮل,colon_pattern,high,success,-
SEGMENT,72,72,رزﻗﺖ ﺑﺬﻛﺮَﻳﻦ!,اﻟﺒﺎب,اﻟﺼﻮت ﻳﻮﺣﻲ ﺑﺎﻟﻈﻔﺮ. وﻣﺎ ﻟﺒﺚ أن ﻻﺣﺖ املﺮأة ﰲ اﻟﺒﺎب وﻫﻲ ﺗﻘﻮل,colon_pattern,high,success,-
SEGMENT,73,73,– ﺗﻮءﻣني؟,Narrator,-,default,high,success,-
SEGMENT,74,74,– ﻓﻠريزﻗﻚ ﷲ ﺑﺮزﻗﻬﻤﺎ.,Narrator,-,default,high,success,-
SEGMENT,75,75,إدرﻳﺲ اﻵن أب ﻷﻧﺜﻰ,أذﻧَﻴﻪ,وﺻﻜﱠﺖ أذﻧَﻴﻪ ﺿﺤﻜﺔ إدرﻳﺲ ﻣﻦ وراء ﻇﻬﺮه وﺳﻤﻌﻪ ﻳﻘﻮل,colon_pattern,high,success,-
SEGMENT,76,76,وﻋﻢ ﻟﺬﻛﺮَﻳﻦ.,Narrator,-,default,high,success,-
SEGMENT,77,77,»اﻟﺒﺨﺖ واﻟﻘﺴﻤﺔ ﻓني ﻳﺎ دي اﻟﺰﻣﺎن ﻗﻮﻟﲇ«. وﻋﺎدت,وﻣﴣ,وﻣﴣ ﻧﺤﻮ ﻛﻮﺧﻪ وﻫﻮ ﻳﻐﻨﻲ,colon_pattern,high,success,-
SEGMENT,78,78,ﺗﺮﻏﺐ اﻷم ﰲ أن ﻳﺴﻤﻴﺎ ﻗﺪري وﻫﻤﺎم.,ﺗﻘﻮل,اﻟﺪاﻳﺔ ﺗﻘﻮل,colon_pattern,high,success,-
SEGMENT,79,79,ﻗﺪري وﻫﻤﺎم، ﻗﺪري وﻫﻤﺎم.,اﻟﴪور,ﻓﺮاح أدﻫﻢ ﻳﻐﻤﻐﻢ وﻗﺪ اﺳﺘﺨﻔﱠ ﻪ اﻟﴪور,colon_pattern,high,success,-
SEGMENT,80,80,١٣,Narrator,-,default,high,success,-
SEGMENT,81,81,ﻓﻠﻨﺠﻠﺲ؛ ﻟﺘﻨﺎول ﻃﻌﺎﻣﻨﺎ.,ﻗﺎل,ﻗﺎل ﻗﺪري وﻫﻮ ﻳﺠﻔﻒ وﺟﻬﻪ ﺑﺬﻳﻞ ﺟﻠﺒﺎﺑﻪ,colon_pattern,high,success,-
SEGMENT,82,82,ﻧﻌﻢ، ﴎﻗﻨﺎ اﻟﻮﻗﺖ.,اﻟﺸﻤﺲ,ﻓﻘﺎل ﻫﻤﺎم وﻫﻮ ﻳﻨﻈﺮ ﻧﺤﻮ اﻟﺸﻤﺲ املﺎﺋﻠﺔ ﻟﻠﻐﺮوب,colon_pattern,high,success,-
SEGMENT,83,83,ﺗﺮﺑﻌﺎ ﻋﲆ اﻟﺮﻣﺎل ﺗﺤﺖ ﺳﻔﺢ املﻘﻄﻢ. وﺣﻞ ﻫﻤﺎم ﻋﻘﺪة املﻨﺪﻳﻞ اﻷﺣﻤﺮ املﺨﻄﻂ ﻓﻜﺸﻒ,Narrator,-,default,high,success,-
SEGMENT,84,84,ﻋﻦ ﺧﺒﺰ وﻃﻌﻤﻴﺔ وﻛﺮاث، وراﺣﺎ ﻳﺄﻛﻼن، وﻳﻨﻈﺮان ﺑني ﺣني وآﺧﺮ ﻧﺤﻮ أﻏﻨﺎﻣﻬﻤﺎ، اﻟﺘﻲ ﻫﺎم,Narrator,-,default,high,success,-
SEGMENT,85,85,ﺑﻌﻀﻬﺎ ﻋﲆ وﺟﻬﻪ، وﻗﻌﺪ اﻟﺒﻌﺾ ﻟﻴﺠﱰ ﱠ ﰲ راﺣﺔ وﺳﻼم. ﻟﻢ ﻳﻜﻦ ﺛﻤﺔ ﻣﺎ ﻳﻤﻴﺰ ﺑني اﻟﺸﻘﻴﻘَني,Narrator,-,default,high,success,-
SEGMENT,86,86,ﰲ املﻼﻣﺢ واﻟﻘﺴﻤﺎت، ﻏري أن ﻧﻈﺮة اﻟﺼﺎﺋﺪ املﺘﺠﻠﻴﺔ ﰲ ﻋﻴﻨﻲ ﻗﺪري أﺿﻔﺖ ﻋﲆ ﺳﺤﻨﺘﻪ ﺣﺪة,Narrator,-,default,high,success,-
SEGMENT,87,87,47,Narrator,-,default,high,success,-
SEGMENT,88,88,أوﻻد ﺣﺎرﺗﻨﺎ,Narrator,-,default,high,success,-
SEGMENT,89,89,ﻟﻮ ﻛﺎن ﻫﺬا,ﻳﻄﺤﻦ,ﻣﻴﱠﺰﺗﻪ ﺑﻄﺎﺑﻊ ٍﺧﺎص. وﻋﺎد ﻗﺪري ﻳﻘﻮل، وﻫﻮ ﻳﻄﺤﻦ اﻟﻄﻌﺎم املﺤﺘﺸﺪ ﰲ ﻓﻴﻪ,colon_pattern,high,success,-
SEGMENT,90,90,اﻟﺨﻼء ﻟﻨﺎ دون ﴍﻳﻚ ﻟﺮﻋﻴﻨﺎ أﻏﻨﺎﻣﻨﺎ ﻣﺮﺗﺎﺣﻲ اﻟﺒﺎل.,Narrator,-,default,high,success,-
SEGMENT,91,91,وﻟﻜﻦ ﻫﺬا اﻟﺨﻼء ﻣﻘﺼﺪ اﻟﺮﻋﺎة ﻣﻦ اﻟﻌﻄﻮف وﻛﻔﺮ اﻟﺰﻏﺎري,ﺑﺎﺳﻤًﺎ,ﻓﻘﺎل ﻫﻤﺎم ﺑﺎﺳﻤًﺎ,colon_pattern,high,success,-
SEGMENT,92,92,واﻟﺤﺴﻴﻨﻴﺔ، وﻣﻦ اﻟﺤﻜﻤﺔ أن ﻧﺼﺎدﻗﻬﻢ ﻓﻨﺘﻘﻲ ﴍﻫﻢ.,Narrator,-,default,high,success,-
SEGMENT,93,93,ﻫﺬه اﻟﺤﻮاري,وﻗﺎل,ﻓﻀﺤﻚ ﻗﺪري ﺿﺤﻜﺔ ًﻫﺎزﺋﺔ اﻧﻄﻠﻘﺖ ﻣﻦ ﻓﻴﻪ ﻣﻊ ﻓﺘﺎت ﻣﻦ ﻃﻌﺎﻣﻪ وﻗﺎل,colon_pattern,high,success,-
SEGMENT,94,94,ﻋﻨﺪﻫﺎ ﺟﻮاب ٌواﺣﺪ ملﻦ ﻳﻨﺸﺪ ﺻﺪاﻗﺘﻬﺎ؛ ﻫﻮ اﻟﺼﻔﻌﺎت.,Narrator,-,default,high,success,-
SEGMENT,95,95,– ﻟﻜﻦ …,Narrator,-,default,high,success,-
SEGMENT,96,96,– ﻻ ﻟﻜﻦ ﻳﺎ اﺑﻦ أﺑﻲ، إﻧﻲ أﻋﺮف ﻃﺮﻳﻘﺔ ًواﺣﺪة، وﻫﻲ أن أﺟﺬب اﻟﺮﺟﻞ ﻣﻦ ﺟﻠﺒﺎﺑﻪ,Narrator,-,default,high,success,-
SEGMENT,97,97,وأﻧﻄﺤﻪ ﰲ ﺟﺒﻴﻨﻪ ﻓﻴﻨﻘﻠﺐ ﻋﲆ وﺟﻬﻪ أو ﻋﲆ ﻗﻔﺎه.,Narrator,-,default,high,success,-
SEGMENT,98,98,– ﻟﺬﻟﻚ ﻻ ﻧﻜﺎد ﻧﺤﴢ أﻋﺪاءﻧﺎ.,Narrator,-,default,high,success,-
SEGMENT,99,99,– وﻣَﻦ ﻛﻠﻔﻚ ﺑﺈﺣﺼﺎﺋﻬﻢ؟!,Narrator,-,default,high,success,-
SEGMENT,100,100,وﺗﺎﺑﻊ ﻫﻤﺎم ﺟﺪْﻳًﺎ أوﻏﻞ ﰲ اﻻﺑﺘﻌﺎد ﻓﺮاح ﻳﺼﻔﺮ ﻟﻪ ﺣﺘﻰ ﺗﻮﻗﻒ ودار ﻋﺎﺋﺪًا ﰲ ﺻﻤﺖ,Narrator,-,default,high,success,-
SEGMENT,101,101,اﻟﺤﻜﻴﻢ. واﻧﺘﻘﻰ ﻋﻮدًا ﻣﻦ اﻟﻜﺮاث وﻣﺴﺤﻪ ﺑﺄﺻﺎﺑﻌﻪ ﻓﺪﻓﻌﻪ ﰲ ﻓﻴﻪ ﻣﺘﻠﺬذًا، ﺛﻢ ﻗﺎل وﻫﻮ,Narrator,-,default,high,success,-
SEGMENT,102,102,ﻟﺬﻟﻚ ﺗﺠﺪﻧﺎ وﺣﺪﻧﺎ، وﻳﻤﴤ اﻟﻮﻗﺖ اﻟﻄﻮﻳﻞ دون أن ﻧﺘﻜﻠﻢ.,ﻳﺘﻤﻄﻖ,ﻳﺘﻤﻄﻖ,colon_pattern,high,success,-
SEGMENT,103,103,– وﻣﺎ ﺣﺎﺟﺘﻚ إﱃ اﻟﻜﻼم وأﻧﺖ ﺗﻐﻨﻲ ﻃﻮال اﻟﻮﻗﺖ؟!,Narrator,-,default,high,success,-
SEGMENT,104,104,ﻳﺨﻴﻞ إﱄ ﱠ أﻧﻚ ﺗﻀﻴﻖ ﺑﻬﺬه اﻟﻮﺣﺪة أﺣﻴﺎﻧًﺎ.,وﻗﺎل,ﻓﻨﻈﺮ ﻫﻤﺎم إﻟﻴﻪ ﺑﺜﻘﺔ وﻗﺎل,colon_pattern,high,success,-
SEGMENT,105,105,– ﺳﺄﺟﺪ داﺋﻤًﺎ ﻋﻠﻼ ًﻟﻠﻀﻴﻖ، اﻟﻮﺣﺪة أو ﻏريﻫﺎ.,Narrator,-,default,high,success,-
SEGMENT,106,106,وﺳﺎد ﺻﻤﺖ وﺿﺢ ﻓﻴﻪ اﻟﺘﻤﻄﻖ. وﻻﺣﺖ ﻋﻦ ﺑُﻌﺪ ﺟﻤﺎﻋﺔ ٌﻋﺎﺋﺪة ﻣﻦ اﻟﺠﺒﻞ ﻧﺤﻮ,Narrator,-,default,high,success,-
SEGMENT,107,107,اﻟﻌﻄﻮف، ﺗﺴري ﻋﲆ ﻏﻨﺎء ﻣﻨﺸﺪ ﻛﺎﻟﺤﺎدي واﻵﺧﺮون ﻳﺮددون …,Narrator,-,default,high,success,-
SEGMENT,108,108,ﻫﺬه اﻟﻨﺎﺣﻴﺔ ﻣﻦ اﻟﺨﻼء اﻣﺘﺪاد ﻟﺤﻴﻨﺎ، وﻟﻮ ذﻫﺒﻨﺎ ﺷﻤﺎﻻ ًأو ﺟﻨﻮﺑًﺎ ﻓﺄﻏﻠﺐ,ﻫﻤﺎم,ﻓﻘﺎل ﻫﻤﺎم,colon_pattern,high,success,-
SEGMENT,109,109,اﻟﻈﻦ أﻧﻨﺎ ﻟﻦ ﻧﻌﻮد.,Narrator,-,default,high,success,-
SEGMENT,110,110,ﺳﺘﺠﺪ ﰲ اﻟﺸﻤﺎل وﰲ اﻟﺠﻨﻮب أﻧﺎﺳًﺎ ﻳﻮدون,وﻗﺎل,ﻓﻀﺤﻚ ﻗﺪري ﺿﺤﻜﺔ ًﻣﺠﻠﺠﻠﺔ وﻗﺎل,colon_pattern,high,success,-
SEGMENT,111,111,ﻗﺘﲇ، وﻟﻜﻨﻚ ﻟﻦ ﺗﺠﺪ واﺣﺪًا ﻳﺠﺮؤ ﻋﲆ ﻣﻨﺎزﻟﺘﻲ.,Narrator,-,default,high,success,-
SEGMENT,112,112,ﻻ ﻳﻤﻜﻦ إﻧﻜﺎر ﺷﺠﺎﻋﺘﻚ، وﻟﻜﻦ ﻻ ﺗﻨﺲ َأﻧﻨﺎ ﻧﻌﻴﺶ,اﻷﻏﻨﺎم,ﻓﻘﺎل ﻫﻤﺎم وﻫﻮ ﻳﻨﻈﺮ ﻧﺤﻮ اﻷﻏﻨﺎم,colon_pattern,high,success,-
SEGMENT,113,113,ﺑﻔﻀﻞ اﺳﻢ ﺟﺪﻧﺎ وﺳﻤﻌﺔ ﻋﻤﻨﺎ املﺨﻴﻔﺔ ﻋﲆ رﻏﻢ ﻣﺎ ﺑﻴﻨﻨﺎ وﺑﻴﻨﻪ ﻣﻦ ﺧﺼﺎم.,Narrator,-,default,high,success,-
SEGMENT,114,114,ﻓﻌﻘﺪ ﻗﺪري ﻣﺎ ﺑني ﺣﺎﺟﺒﻴﻪ اﺣﺘﺠﺎﺟًﺎ، وﻟﻜﻨﻪ ﻟﻢ ﻳﺠﻬﺮ ﺑﻤﻌﺎرﺿﺘﻪ. واﺗﺠﻪ ﺑﴫه ﻧﺤﻮ,Narrator,-,default,high,success,-
SEGMENT,115,115,ﻫﺬا اﻟﺒﻴﺖ!,وﻗﺎل,اﻟﺒﻴﺖ اﻟﻜﺒري اﻟﺬي ﻻح ﻋﻦ ﺑُﻌﺪ ﰲ اﻟﻐﺮوب ﻫﻴﻜﻼ ًﺿﺨﻤًﺎ ﻣﻄﻤﻮس املﻌﺎﻟﻢ، وﻗﺎل,colon_pattern,high,success,-
SEGMENT,116,116,ﻟﻢ أﺷﻬﺪ ﻟﻪ ﻣﺜﻴﻼً، ﰲ ﺧﻼء ﻳﻜﺘﻨﻔﻪ ﻣﻦ ﺟﻤﻴﻊ اﻟﻨﻮاﺣﻲ، وﻋﲆ ﻣﻘﺮﺑﺔ ﻣﻦ ﺣﻮار ٍوأزﻗﱠﺔ اﺷﺘﻬﺮت,Narrator,-,default,high,success,-
SEGMENT,117,117,48,Narrator,-,default,high,success,-
SEGMENT,118,118,أدﻫﻢ,Narrator,-,default,high,success,-
SEGMENT,119,119,ﺑﺎﻟﺠﱪوت واملﺸﺎﻛﺴﺔ. ﺻﺎﺣﺒﻪ ﺟﺒﺎر ﺑﻼ ﺟﺪال، ﻫﺬا اﻟﺠﺪ اﻟﺬي ﻟﻢ ﻳﺮ َأﺣﻔﺎده وﻫﻢ ﻋﲆ ﺑُﻌﺪ,Narrator,-,default,high,success,-
SEGMENT,120,120,أذرع ﻣﻨﻪ!,Narrator,-,default,high,success,-
SEGMENT,121,121,إن أﺑﺎﻧﺎ ﻻ ﻳﺬﻛﺮه إﻻ ﻣﺼﺤﻮﺑًﺎ ﺑﺎﻹﺟﻼل,ﻗﺎل,ﻓﺎﺗﺠﻪ ﺑﴫ ﻫﻤﺎم ﻧﺎﺣﻴﺔ اﻟﺒﻴﺖ، ﺛﻢ ﻗﺎل,colon_pattern,high,success,-
SEGMENT,122,122,واﻹﻛﺒﺎر.,Narrator,-,default,high,success,-
SEGMENT,123,123,– وﻋﻤﻨﺎ ﻻ ﻳﺬﻛﺮه إﻻ ﻣﺼﺤﻮﺑًﺎ ﺑﺎﻟﻠﻌﻨﺎت.,Narrator,-,default,high,success,-
SEGMENT,124,124,ﻫﻮ ﺟﺪﻧﺎ ﻋﲆ أي ﺣﺎل.,ﺑﺈﺷﻔﺎق,ﻓﻘﺎل ﻫﻤﺎم ﺑﺈﺷﻔﺎق,colon_pattern,high,success,-
SEGMENT,125,125,– وﻣﺎ ﺟﺪوى ذﻟﻚ ﻳﺎ ﻏﻼم؟ إن أﺑﺎﻧﺎ ﻳﻜﺪح وراء ﻋﺮﺑﺘﻪ، وأﻣﻨﺎ ﺗﻜﺪ ﻃﻮال اﻟﻨﻬﺎر وﺷﻄﺮًا,Narrator,-,default,high,success,-
SEGMENT,126,126,ﻣﻦ اﻟﻠﻴﻞ، وﻧﺤﻦ ﻧﻌﺎﴍ اﻷﻏﻨﺎم ﺣﻔﺎة ﺷﺒﻪ ﻋﺮاة. أﻣﺎ ﻫﻮ ﻓﻘﺎﺑﻊ وراء اﻷﺳﻮار، ﺑﻼ ﻗﻠﺐ،,Narrator,-,default,high,success,-
SEGMENT,127,127,ﻣﺘﻤﺘﻌًﺎ ﺑﻨﻌﻴﻢ ﻻ ﻳﺨﻄﺮ ﻋﲆ ﺑﺎل.,Narrator,-,default,high,success,-
SEGMENT,128,128,ﻓﺮﻏﺎ ﻣﻦ اﻟﻄﻌﺎم. ﻧﻔﺾ ﻫﻤﺎم املﻨﺪﻳﻞ وﻟﻔﱠ ﻪ ﺛﻢ دﺳﻪ ﰲ ﺟﻴﺒﻪ، واﺳﺘﻠﻘﻰ ﻋﲆ ﻇﻬﺮه,Narrator,-,default,high,success,-
SEGMENT,129,129,ﻣﺘﻮﺳﱢ ﺪًا ذراﻋَﻴﻪ، ﻣﺮﺳﻼ ًﻧﺎﻇﺮَﻳﻪ إﱃ اﻟﺴﻤﺎء اﻟﺼﺎﻓﻴﺔ، وﻫﻲ ﺗﻘﻄﺮ ﻫﺪوء املﻐﻴﺐ، واﻟﺤﺪآت,Narrator,-,default,high,success,-
SEGMENT,130,130,ﻳﻘﻮل أﺑﻮﻧﺎ إﻧﻪ ﻛﺎن ﻳﺨﺮج ﻛﺜريًا,ﻓﺎﻧﺘﺤﻰ,ﺗﻮﱄ ﰲ اﻵﻓﺎق. وﻧﻬﺾ ﻗﺪري ﻓﺎﻧﺘﺤﻰ ﺟﺎﻧﺒًﺎ ﻟﻴﺒﻮل، وﻗﺎل,colon_pattern,high,success,-
SEGMENT,131,131,ﰲ املﺎﴈ ﻓﻴﻤﺮ ﺑﻬﻢ ﰲ ذﻫﺎﺑﻪ وإﻳﺎﺑﻪ، أﻣﺎ اﻟﻴﻮم ﻓﻼ ﻳﺮاه أﺣﺪ، وﻛﺄﻧﻤﺎ ﻳﺨﺎف ﻋﲆ ﻧﻔﺴﻪ.,Narrator,-,default,high,success,-
SEGMENT,132,132,ﻛﻢ ﺗﻤﻨﻴﺖ أن أراه.,ﻗﺎل,ﻗﺎل ﻫﻤﺎم ﺑﻨﱪات ٍﺣﺎملﺔ,colon_pattern,high,success,-
SEGMENT,133,133,– ﻻ ﺗﺤﻠﻢ ﺑﺄن ﺗﺮى ﺷﻴﺌًﺎ ﺧﺎرﻗًﺎ، ﺳﺘﺠﺪه ﺷﺒﻴﻬًﺎ ﺑﺄﺑﻴﻨﺎ أو ﺑﻌﻤﻨﺎ، أو ﻟﻜﻠﻴﻬﻤﺎ ﻣﻌًﺎ، إﻧﻲ,Narrator,-,default,high,success,-
SEGMENT,134,134,أﻋﺠﺐ ﻟﻮاﻟﺪي ﻛﻴﻒ ﻻ ﻳﺬﻛﺮه إﻻ ﺑﺎﻹﺟﻼل ﻋﲆ رﻏﻢ ﻣﺎ ﻧﺎﻟﻪ ﻋﲆ ﻳﺪﻳﻪ.,Narrator,-,default,high,success,-
SEGMENT,135,135,– اﻟﻈﺎﻫﺮ أﻧﻪ ﻛﺎن ﺷﺪﻳﺪ اﻟﺘﻌﻠﻖ ﺑﻪ، أو أﻧﻪ آﻣﻦ ﺑﻌﺪاﻟﺔ ﻣﺎ ﻧﺰل ﺑﻪ ﻣﻦ ﻋﻘﺎب.,Narrator,-,default,high,success,-
SEGMENT,136,136,– أو أﻧﻪ ﻣﺎ زال ﻳﻄﻤﻊ ﰲ ﻋﻔﻮه!,Narrator,-,default,high,success,-
SEGMENT,137,137,– إﻧﻚ ﻻ ﺗﻔﻬﻢ أﺑﺎﻧﺎ، إﻧﻪ رﺟﻞ ٌودود ﺣﻠﻮ املﻌﴩ.,Narrator,-,default,high,success,-
SEGMENT,138,138,إﻧﻪ ﻻ ﻳﻌﺠﺒﻨﻲ، وأﻧﺖ ﻻ ﺗﻌﺠﺒﻨﻲ. أؤﻛﺪ ﻟﻚ أن,ﻳﻘﻮل,وﻋﺎد ﻗﺪري إﱃ ﻣﺠﻠﺴﻪ وﻫﻮ ﻳﻘﻮل,colon_pattern,high,success,-
SEGMENT,139,139,ﺟﺪﻧﺎ ﺷﺨﺺ ٌﺷﺎذ ﻻ ﻳﺴﺘﺤﻖ اﻻﺣﱰام، وﻟﻮ ﻛﺎﻧﺖ ﺑﻪ ذرة ﻣﻦ ﺧري ﻣﺎ ﺟﻔﺎ ﻟﺤﻤﻪ ﻫﺬا اﻟﺠﻔﺎء,Narrator,-,default,high,success,-
SEGMENT,140,140,اﻟﻐﺮﻳﺐ، إﻧﻲ أراه ﻛﻤﺎ ﻳﺮاه ﻋﻤﻨﺎ، ﻟﻌﻨﺔ ﻣﻦ ﻟﻌﻨﺎت اﻟﺪﻫﺮ.,Narrator,-,default,high,success,-
SEGMENT,141,141,ﻟﻌﻞ أرذل ﻣﺎ ﻓﻴﻪ ﻫﻮ ﻣﺎ ﺗﺘﺒﺎﻫﻰ ﺑﻪ أﻧﺖ، أﻋﻨﻲ اﻟﻘﻮة واﻟﺒﻄﺶ.,ﺑﺎﺳﻤًﺎ,ﻓﻘﺎل ﻫﻤﺎم ﺑﺎﺳﻤًﺎ,colon_pattern,high,success,-
SEGMENT,142,142,ﻟﻘﺪ ﻧﺎل ﻫﺬه اﻷرض ﻫﺒﺔ ﺑﻼ ﻋﻨﺎء ﺛﻢ ﻃﻐﻰ واﺳﺘﻜﱪ.,ﺑﺤﺪة,ﻓﻘﺎل ﻗﺪري ﺑﺤﺪة,colon_pattern,high,success,-
SEGMENT,143,143,– ﻻ ﺗﻨﻜﺮ ﻣﺎ اﻋﱰﻓﺖ ﺑﻪ ﻣﻨﺬ ﻗﻠﻴﻞ، إن اﻟﻮاﱄ ﻧﻔﺴﻪ ﻟﻢ ﻳﻜﻦ ﺑﻮﺳﻌﻪ أن ﻳﻌﻴﺶ وﺣﺪه ﰲ,Narrator,-,default,high,success,-
SEGMENT,144,144,ﻣﺜﻞ ﻫﺬا اﻟﺨﻼء.,Narrator,-,default,high,success,-
SEGMENT,145,145,– وﻫﻞ ﺗﺠﺪ ﰲ اﻟﺤﻜﺎﻳﺔ اﻟﺘﻲ روﻳﺖ ﻟﻨﺎ ﻣﺴﻮﻏًﺎ ﺣﻘٍّﺎ ﻟﻐﻀﺒﻪ ﻋﲆ واﻟﺪَﻳﻨﺎ؟,Narrator,-,default,high,success,-
SEGMENT,146,146,– إﻧﻚ ﺗﺠﺪ أﻫﻮن ﻣﻨﻬﺎ ﺳﺒﺒًﺎ ﻛﺎﻓﻴًﺎ ﻟﻠﺒﻄﺶ ﺑﺎﻟﻨﺎس!,Narrator,-,default,high,success,-
SEGMENT,147,147,49,Narrator,-,default,high,success,-
SEGMENT,148,148,أوﻻد ﺣﺎرﺗﻨﺎ,Narrator,-,default,high,success,-
SEGMENT,149,149,ﻣﺎ ذﻧﺐ اﻷﺣﻔﺎد؟ إﻧﻪ ﻻ,وﻗﺎل,ﺗﻨﺎول ﻗﺪري اﻟﻜﻮز وﻣﴣ ﻳﴩب ﺣﺘﻰ رَوِيَ، ﺛﻢ ﺗﺠﺸﺄ وﻗﺎل,colon_pattern,high,success,-
SEGMENT,150,150,ﻳﺪري ﻣﺎ رﻋﻲ اﻟﻐﻨﻢ، ﺳﺤﻘًﺎ ﻟﻪ! أود ﻟﻮ أﻋﺮف وﺻﻴﺘﻪ، وﻣﺎذا أﻋﺪ ﱠ ﻟﻨﺎ!,Narrator,-,default,high,success,-
SEGMENT,151,151,ﺛﺮوة ﺗﺮﻳﺢ ﻣﻦ اﻟﻌﻨﺎء، ﻛﻲ ﻳﻔﺮغ املﺮء ﻟﻘﻠﺒﻪ، وﻳﻤﴤ,وﻗﺎل,ﻓﺘﻨﻬﺪ ﻫﻤﺎم وﻗﺎل ﺑﺼﻮت ٍﺣﺎﻟﻢ,colon_pattern,high,success,-
SEGMENT,152,152,اﻟﻌﻤﺮ ﰲ ﻳﴪ وﻃﺮب.,Narrator,-,default,high,success,-
SEGMENT,153,153,– إﻧﻚ ﺗﺮدد ﻗﻮل أﺑﻴﻨﺎ، ﻧﺸﻘﻰ ﰲ اﻟﱰاب واﻟﻄني وﻧﺤﻠﻢ ﺑﺎﻟﻨﺎي ﰲ ﻇﻞ ﺣﺪﻳﻘﺔ ٍﻏﻨﱠﺎء.,Narrator,-,default,high,success,-
SEGMENT,154,154,اﻟﺤﻖ أﻗﻮل إﻧﻲ أﻋﺠﺐ ﺑﻌﻤﻲ أﻛﺜﺮ ﻣﻦ أﺑﻲ.,Narrator,-,default,high,success,-
SEGMENT,155,155,ﻋﲆ أي ﺣﺎل ﴏﻧﺎ ﺷﻴﺌًﺎ، ﻟﻨﺎ ﻣﺄوًى,وﻗﺎل,ﻓﺠﻠﺲ ﻫﻤﺎم وﻫﻮ ﻳﺘﺜﺎءب، ﺛﻢ ﻧﻬﺾ ﻳﺘﻤﻄﻰ، وﻗﺎل,colon_pattern,high,success,-
SEGMENT,156,156,ﻳﺴﻌﻨﺎ، ورزق ﻳﺤﻔﻆ ﻋﻠﻴﻨﺎ اﻟﺤﻴﺎة، وأﻏﻨﺎم ﻧﺮﻋﺎﻫﺎ، ﻧﺒﻴﻊ ﻟﺒﻨﻬﺎ وﻧﺴﻤﱢ ﻨﻬﺎ ﻟﻨﺒﻴﻌﻬﺎ أﻳﻀًﺎ، وﻣﻦ,Narrator,-,default,high,success,-
SEGMENT,157,157,ﺷﻌﺮﻫﺎ ﺗﻐﺰل أﻣﻨﺎ اﻟﻜﺴﺎء.,Narrator,-,default,high,success,-
SEGMENT,158,158,– واﻟﻨﺎي واﻟﺤﺪﻳﻘﺔ؟,Narrator,-,default,high,success,-
SEGMENT,159,159,ﻓﻠﻢ ﻳﺠﺐ، واﺗﺠﻪ ﻧﺤﻮ اﻷﻏﻨﺎم ﺑﻌﺪ أن ﺗﻨﺎول ﻋﺼﺎه املﻠﻘﺎة ﻋﻨﺪ ﻗﺪﻣَﻴﻪ. ووﻗﻒ ﻗﺪري،,Narrator,-,default,high,success,-
SEGMENT,160,160,أﺳﻤﺤﺖ ﺑﺄن ﻧﺮﺛﻚ، أم ﺳﺘﻌﺎﻗﺒﻨﺎ ﰲ ﻣﻮﺗﻚ,ﺧﻄﺎﺑﻪ,وﺻﺎح ﻣﻮﺟﻬًﺎ ﺧﻄﺎﺑﻪ إﱃ اﻟﺒﻴﺖ اﻟﻜﺒري ﰲ ﻋﺒﺚ,colon_pattern,high,success,-
SEGMENT,161,161,ﻛﻤﺎ ﻋﺎﻗﺒﺘﻨﺎ ﰲ ﺣﻴﺎﺗﻚ؟,Narrator,-,default,high,success,-
SEGMENT,162,162,أﺟﺐ ﻳﺎ ﺟﺒﻼوي!,Narrator,-,default,high,success,-
SEGMENT,163,163,»أﺟﺐ ﻳﺎ ﺟﺒﻼوي!«,وردد,وردد اﻟﺼﺪى,colon_pattern,high,success,-
Processing Stats,Total: 163,Dialogue: 59,Narrative: 104,Success: 163 (100.0%),Flagged: 0 (0.0%),-,-,-,-
Character Stats,Characters: 46,وﻗﺎل: 9 speeches,ﻗﺎل: 4 speeches,اﻟﻜﻮخ: 2 speeches,ﻓﻘﺎﻟﺖ: 2 speeches,ﺑﺎﺳﻤًﺎ: 2 speeches,ﺑﻐﻀﺐ: 1 speeches,أﺗﻰ: 1 speeches,زوﺟﻬﺎ: 1 speeches
Detection Methods,default: 104,colon_pattern: 59,-,-,-,-,-,-,-
