Timestamp,Word,Diacritized,Pattern,Failed_Layers
2025-12-16 17:22:55,الإسكندرية,الإسكندرية,CCCCCCCCCC,"diac,syl"
2025-12-16 17:22:55,البدري,الْبَدْرِيُّ,CVCCVVV,syl
2025-12-16 17:22:55,الوطنية,الْوَطَنِيَّةُ,CVVV,syl
2025-12-16 17:22:55,للغاز,لِلْغَازُ,CVCCVV,syl
2025-12-16 17:22:55,الطبيعي,الطَّبِيعِيُّ,CVVV,syl
2025-12-16 17:22:55,الرئيسي,الرَّئِيسِيُّ,CVVV,syl
2025-12-16 17:22:55,تخفيض,تَخْفِيضٌ,CVCCVVC,syl
2025-12-16 17:22:55,والواقعة,وَالْوَاقِعَةُ,CVVCCVV,syl
2025-12-16 17:22:55,بدءاً,بَدْءَا,CVCCVV,syl
2025-12-16 17:22:55,الثانية,الثَّانِيَةُ,CVVV,syl
2025-12-16 17:22:55,ووفقاً,وَوَفْقَا,CVVVCCVV,syl
2025-12-16 17:22:55,لبيان,لِبَيَانٌ,CVVVVC,syl
2025-12-16 17:22:55,سيجري,سَيَجْرِي,CVVVCCVV,syl
2025-12-16 17:22:55,المعروفة,الْمَعْرُوفَةُ,CVCCVV,syl
2025-12-16 17:22:55,وتهيب,وَتُهَيِّبُ,CVVV,syl
2025-12-16 17:22:55,بالرائحة,بِالرَّائِحَةِ,CVVCCVV,syl
2025-12-16 17:22:55,موضحة,مُوَضِّحَةٌ,CVVV,syl
2025-12-16 17:22:55,إجراء,إِجْرَاءٌ,CVCCVVC,syl
2025-12-16 17:22:55,اعتيادي,اِعْتِيَادِيٌّ,CVCCVVVV,syl
2025-12-16 17:22:55,نهائيا,نِهَائِيَّا,CVVVV,syl
2025-12-16 17:22:55,الأعمال,الْأَعْمَالُ,CVCCVV,syl
2025-12-16 17:22:55,بأعلى,بأَعْلَى,CCVC,syl
2025-12-16 17:22:55,منوهاً,مُنَوِّهَا,CVVV,syl
2025-12-16 17:22:55,استفسار,اِسْتِفْسَارٌ,CCVCCVVC,syl
2025-12-16 17:22:55,دعواها,دَعَوَاهَا,CVVVV,syl
2025-12-16 17:22:55,إنها,إِنّهَا,CVCCVV,syl
2025-12-16 17:22:55,تزوجت,تَزَوَّجَتْ,CVVV,syl
2025-12-16 17:22:55,حياة,حَيَاةٌ,CVVVVC,syl
2025-12-16 17:22:55,لكنها,لَكِنّهَا,CVCCVV,syl
2025-12-16 17:22:55,الزواج,الزَّوَاجُ,CVVVV,syl
2025-12-16 17:22:55,زوجها,زَوَّجَهَا,CVVV,syl
2025-12-16 17:22:55,نظامًا,نِظَامًا,CVVCC,syl
2025-12-16 17:22:55,التغيير,التَّغْيِيرُ,CVCCVV,syl
2025-12-16 17:22:55,زيارة,زِيَارَةٌ,CVVVV,syl
2025-12-16 17:22:55,أسبوعيًا,أُسْبُوعيا,CVCCVVCCC,syl
2025-12-16 17:22:55,لظروفها,لِظُروفُهَا,CVCCCV,syl
2025-12-16 17:22:55,رغبتها,رَغِبَتْهَا,CVCCVV,syl
2025-12-16 17:22:55,أسبوع,أُسْبُوعٌ,CVCCVVC,syl
2025-12-16 17:22:55,ونفس,ونَفْس,CCVCC,syl
2025-12-16 17:22:55,الزيارة,الزِّيَارَةُ,CVVVV,syl
2025-12-16 17:22:55,الكلام,الْكِلَاَمُ,CVVV,syl
2025-12-16 17:22:55,كأنها,كأَنّهَا,CCVCCVV,syl
2025-12-16 17:22:55,امشي,اِمْشِي,CVCCVV,syl
2025-12-16 17:22:55,مبدأ,مَبْدَأٌ,CCVC,syl
2025-12-16 17:22:55,بحسب,بحَسْب,CCVCC,syl
2025-12-16 17:22:55,قولها,قَوَّلَهَا,CVVV,syl
2025-12-16 17:22:55,تحويل,تَحْوِيلٌ,CVCCVVC,syl
2025-12-16 17:22:55,إجباري,إِجْبَارِيٌّ,CVCCVV,syl
2025-12-16 17:22:55,التأجيل,التَّأْجِيلُ,CVCCVV,syl
2025-12-16 17:22:55,الإجازات,الْإجَازَاتُ,CCCCVV,syl
2025-12-16 17:22:55,نغير,نُغَيِّرُ,CVVV,syl
2025-12-16 17:22:55,شوية,شَوِيَّةٌ,CVVVVVC,syl
2025-12-16 17:22:55,أنها,أَنّهَا,CVCCVV,syl
2025-12-16 17:22:55,وتخصيص,وَتَخْصِيصٌ,CVCCVVC,syl
2025-12-16 17:22:55,ويعتبر,وَيَعْتَبِرُ,CVVV,syl
2025-12-16 17:22:55,تقليلًا,تَقْليلًا,CVCCCCC,syl
2025-12-16 17:22:55,حسيت,حُسِيَتْ,CVVVC,syl
2025-12-16 17:22:55,حياتنا,حَيَاتُنَا,CVVVV,syl
2025-12-16 17:22:55,كلها,كُلّهَا,CVCCVV,syl
2025-12-16 17:22:55,ماشية,مَاشِيَةٌ,CVVVC,syl
2025-12-16 17:22:55,بجدول,بِجَدْوَلٍ,CCVC,syl
2025-12-16 17:22:55,حياتهما,حَيَاتُهُمَا,CVVVV,syl
2025-12-16 17:22:55,الخلافات,الْخِلَاَفَاتُ,CVVV,syl
2025-12-16 17:22:55,تكرار,تَكْرَارٌ,CVCCVVC,syl
2025-12-16 17:22:55,الزيارات,الزِّيَارَاتُ,CVVVV,syl
2025-12-16 17:22:55,الأسبوعية,الْأُسْبُوعِيَّةُ,CVCCVV,syl
2025-12-16 17:22:55,الأسبوعية,الْأُسْبُوعِيَّةُ,CVVV,syl
2025-12-16 17:22:55,بيتنا,بَيَّتَنَا,CVVV,syl
2025-12-16 17:22:55,الارتياح,الْاِرْتِيَاحُ,CVCCVVVV,syl
2025-12-16 17:22:55,منزل,مَنْزِلٌ,CCVC,syl
2025-12-16 17:22:55,الزوجية,الزَّوْجِيَّةُ,CVVV,syl
2025-12-16 17:22:55,النفسية,النَّفْسِيَّةُ,CVCCVVV,syl
2025-12-16 17:22:55,الإحساس,الْإِحْسَاسُ,CVCCVV,syl
2025-12-16 17:22:55,بالأمان,بِالْأمَانِ,CVVCCCVV,syl
2025-12-16 17:22:55,والاستقرار,وَالْاِسْتِقْرَارُ,CCVCCVV,syl
2025-12-16 17:22:55,وأدخلتها,وَأَدْخَلَتْهَا,CVCCVV,syl
2025-12-16 17:22:55,الضيق,الضَّيِّقُ,CVVV,syl
2025-12-16 17:22:55,والحزن,وَاِلْحَزِنَّ,CVVV,syl
2025-12-16 17:22:55,بالقول,بِالْقَوْلِ,CVVCCVV,syl
2025-12-16 17:22:55,الجواز,الْجَوَازُ,CVVVV,syl
2025-12-16 17:22:55,جدول,جَدْوَلٌ,CCVC,syl
2025-12-16 17:22:55,حياتك,حَيَاتُكَ,CVVVV,syl
2025-12-16 17:22:55,مخنوق,مَخْنُوقٌ,CVCCVVC,syl
2025-12-16 17:22:55,الدعوى,الدَّعْوَى,CCVC,syl
2025-12-16 17:22:55,منظورة,مَنْظُورَةٌ,CVCCVV,syl
2025-12-16 17:22:55,ولم,ولَم,CCVC,syl
2025-12-16 17:22:55,الآن,الْآن,CCCC,syl
