Type,Segment_ID,Chapter,Text,Speaker,Detection_Method,Confidence,Quote_Pattern,Speech_Count,Prosody_Rate,Prosody_Pitch,Prosody_Volume,Status,Needs_Review
SEGMENT,1,1,أوﻻد ﺣﺎرﺗﻨﺎ,Narrator,default,high,-,-,1.0,0%,0%,success,-
SEGMENT,2,1,وﺿﺤﻚ ﺿﺤﻜﺔ ًﻛﺮﻳﻬﺔ وﻗﺎل: ﻫﺬه ﻓﺰورة ﻳﺎ اﺑﻦ اﻟﺠﺎرﻳﺔ!,Narrator,default,high,-,-,1.0,0%,0%,success,-
SEGMENT,3,1,وﺻﺎﺣﺖ أﻣﻴﻤﺔ ﺑﻐﻀﺐ: ﻋﺪ إﱃ ﻛﻮﺧﻚ واﺧﺰ ِاﻟﺸﻴﻄﺎن.,Narrator,default,high,-,-,1.0,0%,0%,success,-
SEGMENT,4,1,وﻧﺎدﺗﻪ اﻣﺮأﺗﻪ ﺑﺤﺪة، ﻓﺮﺟﻊ ﻣﻦ ﺣﻴﺚ أﺗﻰ وﻫﻮ ﻳﱰﻧﻢ:,Narrator,default,high,-,-,1.0,0%,0%,success,-
SEGMENT,5,1,ﻋﺠﺎﻳﺐ وﷲ ﻋﺠﺎﻳﺐ,Unknown,quote_guillemet_reversed,medium,» «,-,1.0,0%,0%,warning,Confirm_Speaker
SEGMENT,6,1,.,Narrator,default,high,-,-,1.0,0%,0%,success,-
SEGMENT,7,1,وﺗﻮﺳﻠﺖ أﻣﻴﻤﺔ إﱃ زوﺟﻬﺎ ﻗﺎﺋﻠﺔ: ﺗﺠﻨﺐ اﻻﺷﺘﺒﺎك ﻣﻌﻪ ﺑﺄي ﺛﻤﻦ.,Narrator,default,high,-,-,1.0,0%,0%,success,-
SEGMENT,8,1,– إﻧﻲ أﺟﺪه ﻓﺠﺄة ﻓﻮق رأﳼ دون أن أدري ﻛﻴﻒ ﺟﺎء.,Narrator,default,high,-,-,1.0,0%,0%,success,-
SEGMENT,9,1,وﺳﺎد ﺻﻤﺖ اﺗﺨﺬا ﻣﻨﻪ ﻣﺴﻜﻨًﺎ ﻻﻧﻔﻌﺎﻟﻬﻤﺎ. وﻋﺎدت أﻣﻴﻤﺔ ﺗﻘﻮل ﺑﺮﻗﱠﺔ: ﻗﻠﺒﻲ ﻳﺤﺪﺛﻨﻲ,Narrator,default,high,-,-,1.0,0%,0%,success,-
SEGMENT,10,1,ﺑﺄﻧﻨﻲ ﺳﺄﺟﻌﻞ ﻣﻦ ﻛﻮﺧﻨﺎ ﺑﻴﺘًﺎ ﺷﺒﻴﻬًﺎ ﺑﺎﻟﺒﻴﺖ اﻟﺬي ﻃﺮدﻧﺎ ﻣﻨﻪ، ﻟﻦ ﺗﻨﻘﺼﻪ اﻟﺤﺪﻳﻘﺔ وﻻ,Narrator,default,high,-,-,1.0,0%,0%,success,-
SEGMENT,11,1,اﻟﺒﻼﺑﻞ، وﺳﻴﻠﻘﻰ وﻟﻴﺪﻧﺎ ﻓﻴﻪ ﻛﻞ راﺣﺔ وﻣﺘﻌﺔ.,Narrator,default,high,-,-,1.0,0%,0%,success,-
SEGMENT,12,1,ﻓﻮﻗﻒ أدﻫﻢ وﻫﻮ ﻳﺒﺘﺴﻢ اﺑﺘﺴﺎﻣﺔ ﻟﻢ ﺗﺮﻫﺎ ﰲ اﻟﻈﻼم، وﻗﺎل ﺳﺎﺧﺮًا وﻫﻮ ﻳﻨﻔﺾ اﻟﱰاب,Narrator,default,high,-,-,1.0,0%,0%,success,-
SEGMENT,13,1,ﻋﻦ ﺟﻠﺒﺎﺑﻪ: اﻟﺨﻴﺎر اﻟﻘﺸﻄﺔ .. اﻟﺨﻴﺎر اﻟﺴﻜﺮ! واﻟﻌﺮق ﻳﺘﺼﺒﺐ ﻣﻦ ﺟﺴﺪي واﻟﻐﻠﻤﺎن ﻳﺘﺴﻠﻮن,Narrator,default,high,-,-,1.0,0%,0%,success,-
SEGMENT,14,1,ﺑﻤﻌﺎﻛﺴﺘﻲ، واﻷرض ﺗﺄﻛﻞ ﻗﺪﻣﻲﱠ ، ﰲ ﺳﺒﻴﻞ ﻣﻼﻟﻴﻢ!,Narrator,default,high,-,-,1.0,0%,0%,success,-
SEGMENT,15,1,ودﺧﻞ اﻟﻜﻮخ ﻓﺘﺒﻌﺘﻪ وﻫﻲ ﺗﻘﻮل: ﻟﻜﻦ ﺳﻴﺄﺗﻲ ﻳﻮم املﺮح واﻟﻐﻨﺎء.,Narrator,default,high,-,-,1.0,0%,0%,success,-
SEGMENT,16,1,– ﻟﻮ ﻛﻨﺖ ِﺗﺸﻘني ﻣﺎ وﺟﺪت وﻗﺘًﺎ ﻟﻸﺣﻼم.,Narrator,default,high,-,-,1.0,0%,0%,success,-
SEGMENT,17,1,ورﻗﺪ ﻛﻞ ﱞ ﻣﻨﻬﻤﺎ ﻋﲆ ﺧﻴﺸﺔ ٍﻣﺤﺸﻮة ﺑﺎﻟﻘﺶ، وﻫﻲ ﺗﻘﻮل: أﻟﻴﺲ ﷲ ﺑﻘﺎدر ﻋﲆ أن ﻳﺠﻌﻞ,Narrator,default,high,-,-,1.0,0%,0%,success,-
SEGMENT,18,1,ﻣﻦ ﻛﻮﺧﻨﺎ ﺑﻴﺘًﺎ ﻛﺎﻟﺒﻴﺖ اﻟﻜﺒري اﻟﺬي ﻃُﺮدﻧﺎ ﻣﻨﻪ؟,Narrator,default,high,-,-,1.0,0%,0%,success,-
SEGMENT,19,1,ﻓﻘﺎل أدﻫﻢ وﻫﻮ ﻳﺘﺜﺎءب: أﻣﻨﻴﺘﻲ أن أﻋﻮد إﱃ اﻟﺒﻴﺖ اﻟﻜﺒري.,Narrator,default,high,-,-,1.0,0%,0%,success,-
SEGMENT,20,1,ﺛﻢ وﻫﻮ ﻳﺘﺜﺎءب ﺑﺪرﺟﺔ ٍأﻋﲆ: اﻟﻌﻤﻞ ﻟﻌﻨﺔ!,Narrator,default,high,-,-,1.0,0%,0%,success,-
SEGMENT,21,1,ﻓﻘﺎﻟﺖ ﺑﺼﻮت ٍﻫﺎﻣﺲ: رﺑﻤﺎ، وﻟﻜﻨﻬﺎ ﻟﻌﻨﺔ ﻻ ﺗﺰول إﻻ ﺑﺎﻟﻌﻤﻞ!,Narrator,default,high,-,-,1.0,0%,0%,success,-
SEGMENT,22,1,١٢,Narrator,default,high,-,-,1.0,0%,0%,success,-
SEGMENT,23,1,وذات ﻟﻴﻠﺔ اﺳﺘﻴﻘﻆ أدﻫﻢ ﻋﲆ ﺗﺄوﻫﺎت ٍﻋﻤﻴﻘﺔ. وﻟﺒﺚ وﻫﻮ ﺑني اﻟﻨﻮم واﻟﻴﻘﻈﺔ ﺣﺘﻰ ﺗﺒني,Narrator,default,high,-,-,1.0,0%,0%,success,-
SEGMENT,24,1,ﺻﻮت أﻣﻴﻤﺔ وﻫﻲ ﺗﺘﻮﺟﻊ ﻫﺎﺗﻔﺔ:,Narrator,default,high,-,-,1.0,0%,0%,success,-
SEGMENT,25,1,آه ﻳﺎ ﻇﻬﺮي … آه ﻳﺎ ﺑﻄﻨﻲ!,Unknown,quote_guillemet_reversed,medium,» «,-,1.0,0%,0%,warning,Confirm_Speaker
SEGMENT,26,1,ﻓﺠﻠﺲ ﻣﻦ ﻓﻮره وﻫﻮ,Narrator,default,high,-,-,1.0,0%,0%,success,-
SEGMENT,27,1,ﻳﺤﻤﻠﻖ ﺻﻮﺑﻬﺎ، ﺛﻢ ﻗﺎل: ﻫﺬا ﺣﺎﻟﻚ ﻫﺬه اﻷﻳﺎم ﺛﻢ ﻳﻨﺠﲇ ﻋﻦ ﻻ ﳾء، أﺷﻌﲇ اﻟﺸﻤﻌﺔ.,Narrator,default,high,-,-,1.0,0%,0%,success,-
SEGMENT,28,1,ﻓﻘﺎﻟﺖ وﻫﻲ ﺗﱧﱠ: أﺷﻌﻠﻬﺎ ﺑﻨﻔﺴﻚ، ﻫﺬه املﺮة ﺟﺪﱞ.,Narrator,default,high,-,-,1.0,0%,0%,success,-
SEGMENT,29,1,ﻓﻘﺎم ﻳﺘﺤﺴﺲ ﻣﻮﺿﻊ اﻟﺸﻤﻌﺔ ﺑني أدوات اﻟﻄﻬﻲ ﺣﺘﻰ ﻋﺜﺮ ﻋﻠﻴﻬﺎ، ﻓﺄﺷﻌﻠﻬﺎ، وﺛﺒﺘﻬﺎ,Narrator,default,high,-,-,1.0,0%,0%,success,-
SEGMENT,30,1,ﻋﲆ اﻟﻄﺒﻠﻴﺔ، ﻓﺒﺪت أﻣﻴﻤﺔ ﻋﲆ اﻟﻀﻮء اﻟﺨﺎﻓﺖ ﺟﺎﻟﺴﺔ ًﻣﺘﻜﺌﺔ ﻋﲆ ﺳﺎﻋﺪﻳﻬﺎ، ﺗﱧ، وﺗﺮﻓﻊ,Narrator,default,high,-,-,1.0,0%,0%,success,-
SEGMENT,31,1,رأﺳﻬﺎ؛ ﻟﺘﺘﻨﻔﺲ ﺑﺼﻌﻮﺑﺔ ٍﻇﺎﻫﺮة. وﻗﺎل اﻟﺮﺟﻞ ﺑﻘﻠﻖ: ﻫﺬا ﻣﺎ ﺗﻈﻨﻴﻨﻪ ﻛﻠﻤﺎ ﺷﻌﺮت ﺑﻮﺟﻊ.,Narrator,default,high,-,-,1.0,0%,0%,success,-
SEGMENT,32,1,ﻓﻘﺎﻟﺖ ﺑﻮﺟﻪ ٍﻣﺘﻘﻠﺺ: ﻛﻼ، أﻧﺎ ﻣﺘﺄﻛﺪة أن ﻫﺬه املﺮة ﺟﺪﱞ.,Narrator,default,high,-,-,1.0,0%,0%,success,-
SEGMENT,33,1,44,Narrator,default,high,-,-,1.0,0%,0%,success,-
SEGMENT,34,1,أوﻻد ﺣﺎرﺗﻨﺎ,Narrator,default,high,-,-,1.0,0%,0%,success,-
SEGMENT,35,1,ﻓﺄﺷﻔﻖ أدﻫﻢ ﻣﻦ ﺳﻤﺎع زوﺟﻪ ﻫﺬا اﻟﺼﻮت، ﻟﻜﻨﻪ دارى ﺣﻨﻘﻪ ﻗﺎﺋﻼً: ﻳﺤﺴﻦ ﺑﻨﺎ أن,Narrator,default,high,-,-,1.0,0%,0%,success,-
SEGMENT,36,1,ﻧﻘﻒ ﺑﻌﻴﺪًا ﻋﻦ اﻟﻜﻮخ.,Narrator,default,high,-,-,1.0,0%,0%,success,-
SEGMENT,37,1,– ﺗﻌﺎل ﺑﻨﺎ إﱃ ﻛﻮﺧﻲ أﻗﺪم ْﻟﻚ اﻟﺸﺎي، وﺗﺮى ﻫﻨﺪ وﻫﻲ ﺗﻐﻂ ﰲ اﻟﻨﻮم.,Narrator,default,high,-,-,1.0,0%,0%,success,-
SEGMENT,38,1,ﻟﻜﻦ أدﻫﻢ اﺑﺘﻌﺪ ﻋﻦ ﻛﻮﺧﻪ دون أن ﻳﺘﺠﻪ ﻧﺤﻮ ﻛﻮخ اﻵﺧﺮ، وﻫﻮ ﻳﻠﻌﻨﻪ ﰲ ﴎه ﰲ,Narrator,default,high,-,-,1.0,0%,0%,success,-
SEGMENT,39,1,ﻏﻴﻆ ٍﻣﻜﺘﻮم، ﻓﺘﺒﻌﻪ إدرﻳﺲ وﻫﻮ ﻳﻘﻮل: ﺳﺘﻜﻮن أﺑًﺎ ﻗﺒﻞ ﻃﻠﻮع اﻟﺼﺒﺢ. إﻧﻪ ﺗﻐري ﱡ ٌﺧﻄري، ﻣﻦ,Narrator,default,high,-,-,1.0,0%,0%,success,-
SEGMENT,40,1,ﻓﻮاﺋﺪه أن ﺗﺸﻌﺮ ﺑﺎﻟﺮاﺑﻄﺔ اﻟﺘﻲ ﻳﻤﺰﻗﻬﺎ أﺑﻮك ﰲ ﻳﴪ وﺑﻼدة.,Narrator,default,high,-,-,1.0,0%,0%,success,-
SEGMENT,41,1,ﻓﻨَﻔﱠ ﺲ أدﻫﻢ ﻋﻦ ﺿﻴﻘﻪ ﺑﻘﻮﻟﻪ: ﻫﺬا اﻟﻜﻼم ﻳﻀﺎﻳﻘﻨﻲ.,Narrator,default,high,-,-,1.0,0%,0%,success,-
SEGMENT,42,1,– رﺑﻤﺎ، ﻟﻜﻦ ﻻ ﻫﻢ ﻟﻨﺎ ﻏريه.,Narrator,default,high,-,-,1.0,0%,0%,success,-
SEGMENT,43,1,ﻓﺴﻜﺖ أدﻫﻢ ﻣﱰددًا، ﺛﻢ ﻗﺎل ﺑﴚء ﻣﻦ اﻹﺷﻔﺎق: إدرﻳﺲ، ملﺎذا ﺗﺘﺒﻌﻨﻲ وأﻧﺖ ﺗﻌﻠﻢ أن,Narrator,default,high,-,-,1.0,0%,0%,success,-
SEGMENT,44,1,ﻻ ﻣﻮدة ﺑﻴﻨﻨﺎ؟!,Narrator,default,high,-,-,1.0,0%,0%,success,-
SEGMENT,45,1,ﻓﻘﻬﻘﻪ إدرﻳﺲ ﻋﺎﻟﻴًﺎ وﻗﺎل: ﻳﺎ ﻟﻚ ﻣﻦ ﻃﻔﻞ ﻗﻠﻴﻞ اﻟﺤﻴﺎء! ﻟﻘﺪ أﻳﻘﻈﻨﻲ ﴏاخ زوﺟﻚ,Narrator,default,high,-,-,1.0,0%,0%,success,-
SEGMENT,46,1,ﻣﻦ أﺣﲆ ﻧﻮﻣﺔ ﻓﻠﻢ أﺳﻤﺢ ﻟﻨﻔﴘ ﺑﺎﻟﻐﻀﺐ، وﻋﲆ اﻟﻌﻜﺲ ﺟﺌﺖ ﻷﻗﺪم ﻟﻚ املﻌﻮﻧﺔ إن ﻛﻨﺖ ﰲ,Narrator,default,high,-,-,1.0,0%,0%,success,-
SEGMENT,47,1,ﺣﺎﺟﺔ إﻟﻴﻬﺎ، وإن أﺑﺎك ﻟﻴﺴﻤﻊ اﻟﴫاخ ﻛﻤﺎ ﺳﻤﻌﺘﻪ وﻟﻜﻨﻪ ﻋﺎود اﻟﻨﻮم ﻛﻤﻦ ﻻ ﻗﻠﺐ ﻟﻪ.,Narrator,default,high,-,-,1.0,0%,0%,success,-
SEGMENT,48,1,ﻓﻘﺎل أدﻫﻢ ﰲ ﺿﺠﺮ: ﺣﺴﺒﻨﺎ ﻣﺎ ﻛُﺘﺐ ﻟﻨﺎ ﻣﻦ ﻣﺼري، أﻻ ﺗﺴﺘﻄﻴﻊ أن ﺗﺘﺠﺎﻫﻠﻨﻲ ﻛﻤﺎ,Narrator,default,high,-,-,1.0,0%,0%,success,-
SEGMENT,49,1,أﺗﺠﺎﻫﻠﻚ؟,Narrator,default,high,-,-,1.0,0%,0%,success,-
SEGMENT,50,1,– إﻧﻚ ﺗﻜﺮﻫﻨﻲ ﻳﺎ أدﻫﻢ، ﻻ ﻷﻧﻨﻲ ﻛﻨﺖ اﻟﺴﺒﺐ ﰲ ﻃﺮدك، وﻟﻜﻦ ﻷﻧﻨﻲ أذﻛﱢﺮك ﺑﻀﻌﻔﻚ.,Narrator,default,high,-,-,1.0,0%,0%,success,-
SEGMENT,51,1,إﻧﻚ ﺗﻜﺮه ﰲ ﱠ ﻧﻔﺴﻚ اﻵﺛﻤﺔ، أﻣﺎ أﻧﺎ ﻓﻠﻢ ﻳﻌﺪ ﱄ ﻣﻦ ﻣﱪر ﻟﻜﺮاﻫﻴﺘﻚ؛ ﺑﻞ أﻧﺖ اﻟﻴﻮم ﻋﺰاﺋﻲ,Narrator,default,high,-,-,1.0,0%,0%,success,-
SEGMENT,52,1,وﺗﺴﻠﻴﺘﻲ، وﻻ ﺗﻨﺲ َأﻧﻨﺎ ﺟريان، وأول ﻣﻦ ﺳﻜﻦ ﻫﺬا اﻟﺨﻼء ﻣﻦ اﻷﺣﻴﺎء، وﺳﻴﺪب ﱡ ﻋﻠﻴﻪ أوﻻدﻧﺎ,Narrator,default,high,-,-,1.0,0%,0%,success,-
SEGMENT,53,1,ﺟﻨﺒًﺎ إﱃ ﺟﻨﺐ.,Narrator,default,high,-,-,1.0,0%,0%,success,-
SEGMENT,54,1,– إﻧﻚ ﺗﺘﻠﺬذ ﺑﺘﻌﺬﻳﺒﻲ.,Narrator,default,high,-,-,1.0,0%,0%,success,-
SEGMENT,55,1,ﻓﺼﻤﺖ إدرﻳﺲ ﻣﻠﻴٍّﺎ ﺣﺘﻰ ﻣﻨﱠﻰ أدﻫﻢ ﻧﻔﺴﻪ ﺑﺎﻟﺨﻼص، وﻟﻜﻨﻪ ﻋﺎد ﻳﺴﺄل ﺑﻠﻬﺠﺔ ٍﺟﺪﻳﺔ:,Narrator,default,high,-,-,1.0,0%,0%,success,-
SEGMENT,56,1,ملﺎذا ﻻ ﻧﺘﻔﻖ؟,Narrator,default,high,-,-,1.0,0%,0%,success,-
SEGMENT,57,1,ﻓﻘﺎل أدﻫﻢ ﻫﻮ ﻳﺘﻨﻬﺪ: ﻷﻧﻨﻲ ﺑﻴﺎع ﻋﲆ ﻗﺪ ﱢ ﺣﺎﱄ وأﻧﺖ رﺟﻞ ﻫﻮاﻳﺘﻚ اﻟﴬب واﻻﻋﺘﺪاء.,Narrator,default,high,-,-,1.0,0%,0%,success,-
SEGMENT,58,1,وﻋﺎد ﴏاخ أﻣﻴﻤﺔ ﻳﻌﻠﻮ وﻳﺸﺘﺪ ﻓﺮﻓﻊ أدﻫﻢ رأﺳﻪ ﻣﺘﻮﺳﻼً، ﻓﺄدرك ﻣﻦ ﺗﻮه أن ﻛﺜﺎﻓﺔ,Narrator,default,high,-,-,1.0,0%,0%,success,-
SEGMENT,59,1,اﻟﻈﻼم ﻗﺪ ﺧﻔﱠ ﺖ، وأن اﻟﻔﺠﺮ ﺗﺴﻠﱠﻖ اﻟﺠﺒﻞ. وﻫﺘﻒ أدﻫﻢ: ﻣﺎ أﻟﻌﻦ اﻷﻟﻢ!,Narrator,default,high,-,-,1.0,0%,0%,success,-
SEGMENT,60,1,ﻓﻘﺎل إدرﻳﺲ ﺿﺎﺣﻜًﺎ: ﻣﺎ أﺟﻤﻞ اﻟﺮﻗﺔ! ﺧﻠﻘﺖ َﻹدارة اﻟﻮﻗﻒ واﻟﻨﻔﺦ ﰲ اﻟﻨﺎي.,Narrator,default,high,-,-,1.0,0%,0%,success,-
SEGMENT,61,1,– اﺳﺨﺮ ﻣﺎ ﺷﺌﺖ، إﻧﻲ ﻣﺘﺄﻟﻢ.,Narrator,default,high,-,-,1.0,0%,0%,success,-
SEGMENT,62,1,– ملﺎذا؟ ﺣﺴﺒﺖ ُاﻣﺮأﺗﻚ ﻫﻲ املﺘﺄملﺔ!,Narrator,default,high,-,-,1.0,0%,0%,success,-
SEGMENT,63,1,46,Narrator,default,high,-,-,1.0,0%,0%,success,-
SEGMENT,64,1,أدﻫﻢ,Narrator,default,high,-,-,1.0,0%,0%,success,-
SEGMENT,65,1,ﻓﺼﺎح أدﻫﻢ ﻣﻦ ﻓﺮط ﺟﺰﻋﻪ: دﻋﻨﻲ وﺷﺄﻧﻲ.,Narrator,default,high,-,-,1.0,0%,0%,success,-
SEGMENT,66,1,ﻓﺘﺴﺎءل اﻵﺧﺮ ﰲ ﻫﺪوء ﻣﻐﻴﻆ: أﺗﺮﻳﺪ أن ﺗﺼري أﺑًﺎ ﺑﻼ ﺛﻤﻦ؟,Narrator,default,high,-,-,1.0,0%,0%,success,-
SEGMENT,67,1,ﻓﻠﺰم أدﻫﻢ اﻟﺼﻤﺖ وﻫﻮ ﻳﻨﻔﺦ، ﻓﻘﺎل إدرﻳﺲ ﻣﺘﻌﻄﻔًﺎ: أﻧﺖ ﺣﻜﻴﻢ، وﻗﺪ ﺟﺌﺖ أﻋﺮض,Narrator,default,high,-,-,1.0,0%,0%,success,-
SEGMENT,68,1,ﻋﻠﻴﻚ ﻋﻤﻼ ًﺗﺴﺘﻌني ﺑﻪ ﻋﲆ إﺳﻌﺎد املﺨﻠﻮﻗﺎت اﻟﻘﺎدﻣﺔ، إن ﻫﺬا اﻟﺬي ﻧﺴﻤﻊ ﻣﻘﺪﻣﺎت ﺗﴩﻳﻔﻪ,Narrator,default,high,-,-,1.0,0%,0%,success,-
SEGMENT,69,1,اﻷول وﻟﻴﺲ اﻷﺧري، ﻓﺈن ﺷﻬﻮاﺗﻨﺎ ﻻ ﺗﻘﻨﻊ إﻻ ﺑﺄن ﺗﺒﻨﻲ ﻓﻮﻗﻨﺎ ﺗﻼ ٍّﻣﻦ اﻟﺬرﻳﺔ اﻟﺼﺎﺧﺒﺔ، ﻣﺎ,Narrator,default,high,-,-,1.0,0%,0%,success,-
SEGMENT,70,1,رأﻳﻚ؟,Narrator,default,high,-,-,1.0,0%,0%,success,-
SEGMENT,71,1,– اﻟﻀﻴﺎء ﻳﻠﻮح ﻓﺎذﻫﺐ ﻟﺘﺴﺘﻮﰲ َﻧﻮﻣﻚ.,Narrator,default,high,-,-,1.0,0%,0%,success,-
SEGMENT,72,1,وﺗﻌﺎﱃ اﻟﴫاخ، ﻣﺘﺘﺎﺑﻌًﺎ ﻣﺘﻮاﺻﻼً، ﺣﺘﻰ ﺿﺎق أدﻫﻢ ﺑﻤﻮﻗﻔﻪ ﻓﺮﺟﻊ إﱃ اﻟﻜﻮخ اﻟﺬي,Narrator,default,high,-,-,1.0,0%,0%,success,-
SEGMENT,73,1,ﺷﻒ ﱠ ﻋﻨﻪ اﻟﻈﻼم، وﺑﻠﻐﻪ وأﻣﻴﻤﺔ ﺗﺮﺳﻞ ﺗﻨﻬﻴﺪة ًﻋﻤﻴﻘﺔ ﻣﺜﻞ ﺧﺘﺎم أﻏﻨﻴﺔ ٍﺣﺰﻳﻨﺔ. اﻗﱰب ﻣﻦ,Narrator,default,high,-,-,1.0,0%,0%,success,-
SEGMENT,74,1,ﺑﺎب اﻟﻜﻮخ وﻫﻮ ﻳﺘﺴﺎءل: ﻛﻴﻒ اﻟﺤﺎل ﻋﻨﺪﻛﻢ؟,Narrator,default,high,-,-,1.0,0%,0%,success,-
SEGMENT,75,1,ﻓﺠﺎءه ﺻﻮت اﻟﺪاﻳﺔ وﻫﻮ ﻳﻘﻮل:,Narrator,default,high,-,-,1.0,0%,0%,success,-
SEGMENT,76,1,اﻧﺘﻈﺮ!,Unknown,quote_guillemet_reversed,medium,» «,-,1.0,0%,0%,warning,Confirm_Speaker
SEGMENT,77,1,ﺗﺤﻔﱠ ﺰ ﻗﻠﺒﻪ ﻟﻼرﺗﻴﺎح ﻋﻨﺪﻣﺎ ﺧُﻴﻞ إﻟﻴﻪ أن,Narrator,default,high,-,-,1.0,0%,0%,success,-
SEGMENT,78,1,اﻟﺼﻮت ﻳﻮﺣﻲ ﺑﺎﻟﻈﻔﺮ. وﻣﺎ ﻟﺒﺚ أن ﻻﺣﺖ املﺮأة ﰲ اﻟﺒﺎب وﻫﻲ ﺗﻘﻮل: رزﻗﺖ ﺑﺬﻛﺮَﻳﻦ!,Narrator,default,high,-,-,1.0,0%,0%,success,-
SEGMENT,79,1,– ﺗﻮءﻣني؟,Narrator,default,high,-,-,1.0,0%,0%,success,-
SEGMENT,80,1,– ﻓﻠريزﻗﻚ ﷲ ﺑﺮزﻗﻬﻤﺎ.,Narrator,default,high,-,-,1.0,0%,0%,success,-
SEGMENT,81,1,وﺻﻜﱠﺖ أذﻧَﻴﻪ ﺿﺤﻜﺔ إدرﻳﺲ ﻣﻦ وراء ﻇﻬﺮه وﺳﻤﻌﻪ ﻳﻘﻮل: إدرﻳﺲ اﻵن أب ﻷﻧﺜﻰ,Narrator,default,high,-,-,1.0,0%,0%,success,-
SEGMENT,82,1,وﻋﻢ ﻟﺬﻛﺮَﻳﻦ.,Narrator,default,high,-,-,1.0,0%,0%,success,-
SEGMENT,83,1,وﻣﴣ ﻧﺤﻮ ﻛﻮﺧﻪ وﻫﻮ ﻳﻐﻨﻲ:,Narrator,default,high,-,-,1.0,0%,0%,success,-
SEGMENT,84,1,اﻟﺒﺨﺖ واﻟﻘﺴﻤﺔ ﻓني ﻳﺎ دي اﻟﺰﻣﺎن ﻗﻮﻟﲇ,Unknown,quote_guillemet_reversed,medium,» «,-,1.0,0%,0%,warning,Confirm_Speaker
SEGMENT,85,1,. وﻋﺎدت,Narrator,default,high,-,-,1.0,0%,0%,success,-
SEGMENT,86,1,اﻟﺪاﻳﺔ ﺗﻘﻮل: ﺗﺮﻏﺐ اﻷم ﰲ أن ﻳﺴﻤﻴﺎ ﻗﺪري وﻫﻤﺎم.,Narrator,default,high,-,-,1.0,0%,0%,success,-
SEGMENT,87,1,ﻓﺮاح أدﻫﻢ ﻳﻐﻤﻐﻢ وﻗﺪ اﺳﺘﺨﻔﱠ ﻪ اﻟﴪور: ﻗﺪري وﻫﻤﺎم، ﻗﺪري وﻫﻤﺎم.,Narrator,default,high,-,-,1.0,0%,0%,success,-
SEGMENT,88,1,١٣,Narrator,default,high,-,-,1.0,0%,0%,success,-
SEGMENT,89,1,ﻗﺎل ﻗﺪري وﻫﻮ ﻳﺠﻔﻒ وﺟﻬﻪ ﺑﺬﻳﻞ ﺟﻠﺒﺎﺑﻪ: ﻓﻠﻨﺠﻠﺲ؛ ﻟﺘﻨﺎول ﻃﻌﺎﻣﻨﺎ.,Narrator,default,high,-,-,1.0,0%,0%,success,-
SEGMENT,90,1,ﻓﻘﺎل ﻫﻤﺎم وﻫﻮ ﻳﻨﻈﺮ ﻧﺤﻮ اﻟﺸﻤﺲ املﺎﺋﻠﺔ ﻟﻠﻐﺮوب: ﻧﻌﻢ، ﴎﻗﻨﺎ اﻟﻮﻗﺖ.,Narrator,default,high,-,-,1.0,0%,0%,success,-
SEGMENT,91,1,ﺗﺮﺑﻌﺎ ﻋﲆ اﻟﺮﻣﺎل ﺗﺤﺖ ﺳﻔﺢ املﻘﻄﻢ. وﺣﻞ ﻫﻤﺎم ﻋﻘﺪة املﻨﺪﻳﻞ اﻷﺣﻤﺮ املﺨﻄﻂ ﻓﻜﺸﻒ,Narrator,default,high,-,-,1.0,0%,0%,success,-
SEGMENT,92,1,ﻋﻦ ﺧﺒﺰ وﻃﻌﻤﻴﺔ وﻛﺮاث، وراﺣﺎ ﻳﺄﻛﻼن، وﻳﻨﻈﺮان ﺑني ﺣني وآﺧﺮ ﻧﺤﻮ أﻏﻨﺎﻣﻬﻤﺎ، اﻟﺘﻲ ﻫﺎم,Narrator,default,high,-,-,1.0,0%,0%,success,-
SEGMENT,93,1,ﺑﻌﻀﻬﺎ ﻋﲆ وﺟﻬﻪ، وﻗﻌﺪ اﻟﺒﻌﺾ ﻟﻴﺠﱰ ﱠ ﰲ راﺣﺔ وﺳﻼم. ﻟﻢ ﻳﻜﻦ ﺛﻤﺔ ﻣﺎ ﻳﻤﻴﺰ ﺑني اﻟﺸﻘﻴﻘَني,Narrator,default,high,-,-,1.0,0%,0%,success,-
SEGMENT,94,1,ﰲ املﻼﻣﺢ واﻟﻘﺴﻤﺎت، ﻏري أن ﻧﻈﺮة اﻟﺼﺎﺋﺪ املﺘﺠﻠﻴﺔ ﰲ ﻋﻴﻨﻲ ﻗﺪري أﺿﻔﺖ ﻋﲆ ﺳﺤﻨﺘﻪ ﺣﺪة,Narrator,default,high,-,-,1.0,0%,0%,success,-
SEGMENT,95,1,47,Narrator,default,high,-,-,1.0,0%,0%,success,-
SEGMENT,96,1,أوﻻد ﺣﺎرﺗﻨﺎ,Narrator,default,high,-,-,1.0,0%,0%,success,-
SEGMENT,97,1,ﻣﻴﱠﺰﺗﻪ ﺑﻄﺎﺑﻊ ٍﺧﺎص. وﻋﺎد ﻗﺪري ﻳﻘﻮل، وﻫﻮ ﻳﻄﺤﻦ اﻟﻄﻌﺎم املﺤﺘﺸﺪ ﰲ ﻓﻴﻪ: ﻟﻮ ﻛﺎن ﻫﺬا,Narrator,default,high,-,-,1.0,0%,0%,success,-
SEGMENT,98,1,اﻟﺨﻼء ﻟﻨﺎ دون ﴍﻳﻚ ﻟﺮﻋﻴﻨﺎ أﻏﻨﺎﻣﻨﺎ ﻣﺮﺗﺎﺣﻲ اﻟﺒﺎل.,Narrator,default,high,-,-,1.0,0%,0%,success,-
SEGMENT,99,1,ﻓﻘﺎل ﻫﻤﺎم ﺑﺎﺳﻤًﺎ: وﻟﻜﻦ ﻫﺬا اﻟﺨﻼء ﻣﻘﺼﺪ اﻟﺮﻋﺎة ﻣﻦ اﻟﻌﻄﻮف وﻛﻔﺮ اﻟﺰﻏﺎري,Narrator,default,high,-,-,1.0,0%,0%,success,-
SEGMENT,100,1,واﻟﺤﺴﻴﻨﻴﺔ، وﻣﻦ اﻟﺤﻜﻤﺔ أن ﻧﺼﺎدﻗﻬﻢ ﻓﻨﺘﻘﻲ ﴍﻫﻢ.,Narrator,default,high,-,-,1.0,0%,0%,success,-
SEGMENT,101,1,ﻓﻀﺤﻚ ﻗﺪري ﺿﺤﻜﺔ ًﻫﺎزﺋﺔ اﻧﻄﻠﻘﺖ ﻣﻦ ﻓﻴﻪ ﻣﻊ ﻓﺘﺎت ﻣﻦ ﻃﻌﺎﻣﻪ وﻗﺎل: ﻫﺬه اﻟﺤﻮاري,Narrator,default,high,-,-,1.0,0%,0%,success,-
SEGMENT,102,1,ﻋﻨﺪﻫﺎ ﺟﻮاب ٌواﺣﺪ ملﻦ ﻳﻨﺸﺪ ﺻﺪاﻗﺘﻬﺎ؛ ﻫﻮ اﻟﺼﻔﻌﺎت.,Narrator,default,high,-,-,1.0,0%,0%,success,-
SEGMENT,103,1,– ﻟﻜﻦ …,Narrator,default,high,-,-,1.0,0%,0%,success,-
SEGMENT,104,1,– ﻻ ﻟﻜﻦ ﻳﺎ اﺑﻦ أﺑﻲ، إﻧﻲ أﻋﺮف ﻃﺮﻳﻘﺔ ًواﺣﺪة، وﻫﻲ أن أﺟﺬب اﻟﺮﺟﻞ ﻣﻦ ﺟﻠﺒﺎﺑﻪ,Narrator,default,high,-,-,1.0,0%,0%,success,-
SEGMENT,105,1,وأﻧﻄﺤﻪ ﰲ ﺟﺒﻴﻨﻪ ﻓﻴﻨﻘﻠﺐ ﻋﲆ وﺟﻬﻪ أو ﻋﲆ ﻗﻔﺎه.,Narrator,default,high,-,-,1.0,0%,0%,success,-
SEGMENT,106,1,– ﻟﺬﻟﻚ ﻻ ﻧﻜﺎد ﻧﺤﴢ أﻋﺪاءﻧﺎ.,Narrator,default,high,-,-,1.0,0%,0%,success,-
SEGMENT,107,1,– وﻣَﻦ ﻛﻠﻔﻚ ﺑﺈﺣﺼﺎﺋﻬﻢ؟!,Narrator,default,high,-,-,1.0,0%,0%,success,-
SEGMENT,108,1,وﺗﺎﺑﻊ ﻫﻤﺎم ﺟﺪْﻳًﺎ أوﻏﻞ ﰲ اﻻﺑﺘﻌﺎد ﻓﺮاح ﻳﺼﻔﺮ ﻟﻪ ﺣﺘﻰ ﺗﻮﻗﻒ ودار ﻋﺎﺋﺪًا ﰲ ﺻﻤﺖ,Narrator,default,high,-,-,1.0,0%,0%,success,-
SEGMENT,109,1,اﻟﺤﻜﻴﻢ. واﻧﺘﻘﻰ ﻋﻮدًا ﻣﻦ اﻟﻜﺮاث وﻣﺴﺤﻪ ﺑﺄﺻﺎﺑﻌﻪ ﻓﺪﻓﻌﻪ ﰲ ﻓﻴﻪ ﻣﺘﻠﺬذًا، ﺛﻢ ﻗﺎل وﻫﻮ,Narrator,default,high,-,-,1.0,0%,0%,success,-
SEGMENT,110,1,ﻳﺘﻤﻄﻖ: ﻟﺬﻟﻚ ﺗﺠﺪﻧﺎ وﺣﺪﻧﺎ، وﻳﻤﴤ اﻟﻮﻗﺖ اﻟﻄﻮﻳﻞ دون أن ﻧﺘﻜﻠﻢ.,Narrator,default,high,-,-,1.0,0%,0%,success,-
SEGMENT,111,1,– وﻣﺎ ﺣﺎﺟﺘﻚ إﱃ اﻟﻜﻼم وأﻧﺖ ﺗﻐﻨﻲ ﻃﻮال اﻟﻮﻗﺖ؟!,Narrator,default,high,-,-,1.0,0%,0%,success,-
SEGMENT,112,1,ﻓﻨﻈﺮ ﻫﻤﺎم إﻟﻴﻪ ﺑﺜﻘﺔ وﻗﺎل: ﻳﺨﻴﻞ إﱄ ﱠ أﻧﻚ ﺗﻀﻴﻖ ﺑﻬﺬه اﻟﻮﺣﺪة أﺣﻴﺎﻧًﺎ.,Narrator,default,high,-,-,1.0,0%,0%,success,-
SEGMENT,113,1,– ﺳﺄﺟﺪ داﺋﻤًﺎ ﻋﻠﻼ ًﻟﻠﻀﻴﻖ، اﻟﻮﺣﺪة أو ﻏريﻫﺎ.,Narrator,default,high,-,-,1.0,0%,0%,success,-
SEGMENT,114,1,وﺳﺎد ﺻﻤﺖ وﺿﺢ ﻓﻴﻪ اﻟﺘﻤﻄﻖ. وﻻﺣﺖ ﻋﻦ ﺑُﻌﺪ ﺟﻤﺎﻋﺔ ٌﻋﺎﺋﺪة ﻣﻦ اﻟﺠﺒﻞ ﻧﺤﻮ,Narrator,default,high,-,-,1.0,0%,0%,success,-
SEGMENT,115,1,اﻟﻌﻄﻮف، ﺗﺴري ﻋﲆ ﻏﻨﺎء ﻣﻨﺸﺪ ﻛﺎﻟﺤﺎدي واﻵﺧﺮون ﻳﺮددون …,Narrator,default,high,-,-,1.0,0%,0%,success,-
SEGMENT,116,1,ﻓﻘﺎل ﻫﻤﺎم: ﻫﺬه اﻟﻨﺎﺣﻴﺔ ﻣﻦ اﻟﺨﻼء اﻣﺘﺪاد ﻟﺤﻴﻨﺎ، وﻟﻮ ذﻫﺒﻨﺎ ﺷﻤﺎﻻ ًأو ﺟﻨﻮﺑًﺎ ﻓﺄﻏﻠﺐ,Narrator,default,high,-,-,1.0,0%,0%,success,-
SEGMENT,117,1,اﻟﻈﻦ أﻧﻨﺎ ﻟﻦ ﻧﻌﻮد.,Narrator,default,high,-,-,1.0,0%,0%,success,-
SEGMENT,118,1,ﻓﻀﺤﻚ ﻗﺪري ﺿﺤﻜﺔ ًﻣﺠﻠﺠﻠﺔ وﻗﺎل: ﺳﺘﺠﺪ ﰲ اﻟﺸﻤﺎل وﰲ اﻟﺠﻨﻮب أﻧﺎﺳًﺎ ﻳﻮدون,Narrator,default,high,-,-,1.0,0%,0%,success,-
SEGMENT,119,1,ﻗﺘﲇ، وﻟﻜﻨﻚ ﻟﻦ ﺗﺠﺪ واﺣﺪًا ﻳﺠﺮؤ ﻋﲆ ﻣﻨﺎزﻟﺘﻲ.,Narrator,default,high,-,-,1.0,0%,0%,success,-
SEGMENT,120,1,ﻓﻘﺎل ﻫﻤﺎم وﻫﻮ ﻳﻨﻈﺮ ﻧﺤﻮ اﻷﻏﻨﺎم: ﻻ ﻳﻤﻜﻦ إﻧﻜﺎر ﺷﺠﺎﻋﺘﻚ، وﻟﻜﻦ ﻻ ﺗﻨﺲ َأﻧﻨﺎ ﻧﻌﻴﺶ,Narrator,default,high,-,-,1.0,0%,0%,success,-
SEGMENT,121,1,ﺑﻔﻀﻞ اﺳﻢ ﺟﺪﻧﺎ وﺳﻤﻌﺔ ﻋﻤﻨﺎ املﺨﻴﻔﺔ ﻋﲆ رﻏﻢ ﻣﺎ ﺑﻴﻨﻨﺎ وﺑﻴﻨﻪ ﻣﻦ ﺧﺼﺎم.,Narrator,default,high,-,-,1.0,0%,0%,success,-
SEGMENT,122,1,ﻓﻌﻘﺪ ﻗﺪري ﻣﺎ ﺑني ﺣﺎﺟﺒﻴﻪ اﺣﺘﺠﺎﺟًﺎ، وﻟﻜﻨﻪ ﻟﻢ ﻳﺠﻬﺮ ﺑﻤﻌﺎرﺿﺘﻪ. واﺗﺠﻪ ﺑﴫه ﻧﺤﻮ,Narrator,default,high,-,-,1.0,0%,0%,success,-
SEGMENT,123,1,اﻟﺒﻴﺖ اﻟﻜﺒري اﻟﺬي ﻻح ﻋﻦ ﺑُﻌﺪ ﰲ اﻟﻐﺮوب ﻫﻴﻜﻼ ًﺿﺨﻤًﺎ ﻣﻄﻤﻮس املﻌﺎﻟﻢ، وﻗﺎل: ﻫﺬا اﻟﺒﻴﺖ!,Narrator,default,high,-,-,1.0,0%,0%,success,-
SEGMENT,124,1,ﻟﻢ أﺷﻬﺪ ﻟﻪ ﻣﺜﻴﻼً، ﰲ ﺧﻼء ﻳﻜﺘﻨﻔﻪ ﻣﻦ ﺟﻤﻴﻊ اﻟﻨﻮاﺣﻲ، وﻋﲆ ﻣﻘﺮﺑﺔ ﻣﻦ ﺣﻮار ٍوأزﻗﱠﺔ اﺷﺘﻬﺮت,Narrator,default,high,-,-,1.0,0%,0%,success,-
SEGMENT,125,1,48,Narrator,default,high,-,-,1.0,0%,0%,success,-
SEGMENT,126,1,أدﻫﻢ,Narrator,default,high,-,-,1.0,0%,0%,success,-
SEGMENT,127,1,ﺑﺎﻟﺠﱪوت واملﺸﺎﻛﺴﺔ. ﺻﺎﺣﺒﻪ ﺟﺒﺎر ﺑﻼ ﺟﺪال، ﻫﺬا اﻟﺠﺪ اﻟﺬي ﻟﻢ ﻳﺮ َأﺣﻔﺎده وﻫﻢ ﻋﲆ ﺑُﻌﺪ,Narrator,default,high,-,-,1.0,0%,0%,success,-
SEGMENT,128,1,أذرع ﻣﻨﻪ!,Narrator,default,high,-,-,1.0,0%,0%,success,-
SEGMENT,129,1,ﻓﺎﺗﺠﻪ ﺑﴫ ﻫﻤﺎم ﻧﺎﺣﻴﺔ اﻟﺒﻴﺖ، ﺛﻢ ﻗﺎل: إن أﺑﺎﻧﺎ ﻻ ﻳﺬﻛﺮه إﻻ ﻣﺼﺤﻮﺑًﺎ ﺑﺎﻹﺟﻼل,Narrator,default,high,-,-,1.0,0%,0%,success,-
SEGMENT,130,1,واﻹﻛﺒﺎر.,Narrator,default,high,-,-,1.0,0%,0%,success,-
SEGMENT,131,1,– وﻋﻤﻨﺎ ﻻ ﻳﺬﻛﺮه إﻻ ﻣﺼﺤﻮﺑًﺎ ﺑﺎﻟﻠﻌﻨﺎت.,Narrator,default,high,-,-,1.0,0%,0%,success,-
SEGMENT,132,1,ﻓﻘﺎل ﻫﻤﺎم ﺑﺈﺷﻔﺎق: ﻫﻮ ﺟﺪﻧﺎ ﻋﲆ أي ﺣﺎل.,Narrator,default,high,-,-,1.0,0%,0%,success,-
SEGMENT,133,1,– وﻣﺎ ﺟﺪوى ذﻟﻚ ﻳﺎ ﻏﻼم؟ إن أﺑﺎﻧﺎ ﻳﻜﺪح وراء ﻋﺮﺑﺘﻪ، وأﻣﻨﺎ ﺗﻜﺪ ﻃﻮال اﻟﻨﻬﺎر وﺷﻄﺮًا,Narrator,default,high,-,-,1.0,0%,0%,success,-
SEGMENT,134,1,ﻣﻦ اﻟﻠﻴﻞ، وﻧﺤﻦ ﻧﻌﺎﴍ اﻷﻏﻨﺎم ﺣﻔﺎة ﺷﺒﻪ ﻋﺮاة. أﻣﺎ ﻫﻮ ﻓﻘﺎﺑﻊ وراء اﻷﺳﻮار، ﺑﻼ ﻗﻠﺐ،,Narrator,default,high,-,-,1.0,0%,0%,success,-
SEGMENT,135,1,ﻣﺘﻤﺘﻌًﺎ ﺑﻨﻌﻴﻢ ﻻ ﻳﺨﻄﺮ ﻋﲆ ﺑﺎل.,Narrator,default,high,-,-,1.0,0%,0%,success,-
SEGMENT,136,1,ﻓﺮﻏﺎ ﻣﻦ اﻟﻄﻌﺎم. ﻧﻔﺾ ﻫﻤﺎم املﻨﺪﻳﻞ وﻟﻔﱠ ﻪ ﺛﻢ دﺳﻪ ﰲ ﺟﻴﺒﻪ، واﺳﺘﻠﻘﻰ ﻋﲆ ﻇﻬﺮه,Narrator,default,high,-,-,1.0,0%,0%,success,-
SEGMENT,137,1,ﻣﺘﻮﺳﱢ ﺪًا ذراﻋَﻴﻪ، ﻣﺮﺳﻼ ًﻧﺎﻇﺮَﻳﻪ إﱃ اﻟﺴﻤﺎء اﻟﺼﺎﻓﻴﺔ، وﻫﻲ ﺗﻘﻄﺮ ﻫﺪوء املﻐﻴﺐ، واﻟﺤﺪآت,Narrator,default,high,-,-,1.0,0%,0%,success,-
SEGMENT,138,1,ﺗﻮﱄ ﰲ اﻵﻓﺎق. وﻧﻬﺾ ﻗﺪري ﻓﺎﻧﺘﺤﻰ ﺟﺎﻧﺒًﺎ ﻟﻴﺒﻮل، وﻗﺎل: ﻳﻘﻮل أﺑﻮﻧﺎ إﻧﻪ ﻛﺎن ﻳﺨﺮج ﻛﺜريًا,Narrator,default,high,-,-,1.0,0%,0%,success,-
SEGMENT,139,1,ﰲ املﺎﴈ ﻓﻴﻤﺮ ﺑﻬﻢ ﰲ ذﻫﺎﺑﻪ وإﻳﺎﺑﻪ، أﻣﺎ اﻟﻴﻮم ﻓﻼ ﻳﺮاه أﺣﺪ، وﻛﺄﻧﻤﺎ ﻳﺨﺎف ﻋﲆ ﻧﻔﺴﻪ.,Narrator,default,high,-,-,1.0,0%,0%,success,-
SEGMENT,140,1,ﻗﺎل ﻫﻤﺎم ﺑﻨﱪات ٍﺣﺎملﺔ: ﻛﻢ ﺗﻤﻨﻴﺖ أن أراه.,Narrator,default,high,-,-,1.0,0%,0%,success,-
SEGMENT,141,1,– ﻻ ﺗﺤﻠﻢ ﺑﺄن ﺗﺮى ﺷﻴﺌًﺎ ﺧﺎرﻗًﺎ، ﺳﺘﺠﺪه ﺷﺒﻴﻬًﺎ ﺑﺄﺑﻴﻨﺎ أو ﺑﻌﻤﻨﺎ، أو ﻟﻜﻠﻴﻬﻤﺎ ﻣﻌًﺎ، إﻧﻲ,Narrator,default,high,-,-,1.0,0%,0%,success,-
SEGMENT,142,1,أﻋﺠﺐ ﻟﻮاﻟﺪي ﻛﻴﻒ ﻻ ﻳﺬﻛﺮه إﻻ ﺑﺎﻹﺟﻼل ﻋﲆ رﻏﻢ ﻣﺎ ﻧﺎﻟﻪ ﻋﲆ ﻳﺪﻳﻪ.,Narrator,default,high,-,-,1.0,0%,0%,success,-
SEGMENT,143,1,– اﻟﻈﺎﻫﺮ أﻧﻪ ﻛﺎن ﺷﺪﻳﺪ اﻟﺘﻌﻠﻖ ﺑﻪ، أو أﻧﻪ آﻣﻦ ﺑﻌﺪاﻟﺔ ﻣﺎ ﻧﺰل ﺑﻪ ﻣﻦ ﻋﻘﺎب.,Narrator,default,high,-,-,1.0,0%,0%,success,-
SEGMENT,144,1,– أو أﻧﻪ ﻣﺎ زال ﻳﻄﻤﻊ ﰲ ﻋﻔﻮه!,Narrator,default,high,-,-,1.0,0%,0%,success,-
SEGMENT,145,1,– إﻧﻚ ﻻ ﺗﻔﻬﻢ أﺑﺎﻧﺎ، إﻧﻪ رﺟﻞ ٌودود ﺣﻠﻮ املﻌﴩ.,Narrator,default,high,-,-,1.0,0%,0%,success,-
SEGMENT,146,1,وﻋﺎد ﻗﺪري إﱃ ﻣﺠﻠﺴﻪ وﻫﻮ ﻳﻘﻮل: إﻧﻪ ﻻ ﻳﻌﺠﺒﻨﻲ، وأﻧﺖ ﻻ ﺗﻌﺠﺒﻨﻲ. أؤﻛﺪ ﻟﻚ أن,Narrator,default,high,-,-,1.0,0%,0%,success,-
SEGMENT,147,1,ﺟﺪﻧﺎ ﺷﺨﺺ ٌﺷﺎذ ﻻ ﻳﺴﺘﺤﻖ اﻻﺣﱰام، وﻟﻮ ﻛﺎﻧﺖ ﺑﻪ ذرة ﻣﻦ ﺧري ﻣﺎ ﺟﻔﺎ ﻟﺤﻤﻪ ﻫﺬا اﻟﺠﻔﺎء,Narrator,default,high,-,-,1.0,0%,0%,success,-
SEGMENT,148,1,اﻟﻐﺮﻳﺐ، إﻧﻲ أراه ﻛﻤﺎ ﻳﺮاه ﻋﻤﻨﺎ، ﻟﻌﻨﺔ ﻣﻦ ﻟﻌﻨﺎت اﻟﺪﻫﺮ.,Narrator,default,high,-,-,1.0,0%,0%,success,-
SEGMENT,149,1,ﻓﻘﺎل ﻫﻤﺎم ﺑﺎﺳﻤًﺎ: ﻟﻌﻞ أرذل ﻣﺎ ﻓﻴﻪ ﻫﻮ ﻣﺎ ﺗﺘﺒﺎﻫﻰ ﺑﻪ أﻧﺖ، أﻋﻨﻲ اﻟﻘﻮة واﻟﺒﻄﺶ.,Narrator,default,high,-,-,1.0,0%,0%,success,-
SEGMENT,150,1,ﻓﻘﺎل ﻗﺪري ﺑﺤﺪة: ﻟﻘﺪ ﻧﺎل ﻫﺬه اﻷرض ﻫﺒﺔ ﺑﻼ ﻋﻨﺎء ﺛﻢ ﻃﻐﻰ واﺳﺘﻜﱪ.,Narrator,default,high,-,-,1.0,0%,0%,success,-
SEGMENT,151,1,– ﻻ ﺗﻨﻜﺮ ﻣﺎ اﻋﱰﻓﺖ ﺑﻪ ﻣﻨﺬ ﻗﻠﻴﻞ، إن اﻟﻮاﱄ ﻧﻔﺴﻪ ﻟﻢ ﻳﻜﻦ ﺑﻮﺳﻌﻪ أن ﻳﻌﻴﺶ وﺣﺪه ﰲ,Narrator,default,high,-,-,1.0,0%,0%,success,-
SEGMENT,152,1,ﻣﺜﻞ ﻫﺬا اﻟﺨﻼء.,Narrator,default,high,-,-,1.0,0%,0%,success,-
SEGMENT,153,1,– وﻫﻞ ﺗﺠﺪ ﰲ اﻟﺤﻜﺎﻳﺔ اﻟﺘﻲ روﻳﺖ ﻟﻨﺎ ﻣﺴﻮﻏًﺎ ﺣﻘٍّﺎ ﻟﻐﻀﺒﻪ ﻋﲆ واﻟﺪَﻳﻨﺎ؟,Narrator,default,high,-,-,1.0,0%,0%,success,-
SEGMENT,154,1,– إﻧﻚ ﺗﺠﺪ أﻫﻮن ﻣﻨﻬﺎ ﺳﺒﺒًﺎ ﻛﺎﻓﻴًﺎ ﻟﻠﺒﻄﺶ ﺑﺎﻟﻨﺎس!,Narrator,default,high,-,-,1.0,0%,0%,success,-
SEGMENT,155,1,49,Narrator,default,high,-,-,1.0,0%,0%,success,-
SEGMENT,156,1,أوﻻد ﺣﺎرﺗﻨﺎ,Narrator,default,high,-,-,1.0,0%,0%,success,-
SEGMENT,157,1,ﺗﻨﺎول ﻗﺪري اﻟﻜﻮز وﻣﴣ ﻳﴩب ﺣﺘﻰ رَوِيَ، ﺛﻢ ﺗﺠﺸﺄ وﻗﺎل: ﻣﺎ ذﻧﺐ اﻷﺣﻔﺎد؟ إﻧﻪ ﻻ,Narrator,default,high,-,-,1.0,0%,0%,success,-
SEGMENT,158,1,ﻳﺪري ﻣﺎ رﻋﻲ اﻟﻐﻨﻢ، ﺳﺤﻘًﺎ ﻟﻪ! أود ﻟﻮ أﻋﺮف وﺻﻴﺘﻪ، وﻣﺎذا أﻋﺪ ﱠ ﻟﻨﺎ!,Narrator,default,high,-,-,1.0,0%,0%,success,-
SEGMENT,159,1,ﻓﺘﻨﻬﺪ ﻫﻤﺎم وﻗﺎل ﺑﺼﻮت ٍﺣﺎﻟﻢ: ﺛﺮوة ﺗﺮﻳﺢ ﻣﻦ اﻟﻌﻨﺎء، ﻛﻲ ﻳﻔﺮغ املﺮء ﻟﻘﻠﺒﻪ، وﻳﻤﴤ,Narrator,default,high,-,-,1.0,0%,0%,success,-
SEGMENT,160,1,اﻟﻌﻤﺮ ﰲ ﻳﴪ وﻃﺮب.,Narrator,default,high,-,-,1.0,0%,0%,success,-
SEGMENT,161,1,– إﻧﻚ ﺗﺮدد ﻗﻮل أﺑﻴﻨﺎ، ﻧﺸﻘﻰ ﰲ اﻟﱰاب واﻟﻄني وﻧﺤﻠﻢ ﺑﺎﻟﻨﺎي ﰲ ﻇﻞ ﺣﺪﻳﻘﺔ ٍﻏﻨﱠﺎء.,Narrator,default,high,-,-,1.0,0%,0%,success,-
SEGMENT,162,1,اﻟﺤﻖ أﻗﻮل إﻧﻲ أﻋﺠﺐ ﺑﻌﻤﻲ أﻛﺜﺮ ﻣﻦ أﺑﻲ.,Narrator,default,high,-,-,1.0,0%,0%,success,-
SEGMENT,163,1,ﻓﺠﻠﺲ ﻫﻤﺎم وﻫﻮ ﻳﺘﺜﺎءب، ﺛﻢ ﻧﻬﺾ ﻳﺘﻤﻄﻰ، وﻗﺎل: ﻋﲆ أي ﺣﺎل ﴏﻧﺎ ﺷﻴﺌًﺎ، ﻟﻨﺎ ﻣﺄوًى,Narrator,default,high,-,-,1.0,0%,0%,success,-
SEGMENT,164,1,ﻳﺴﻌﻨﺎ، ورزق ﻳﺤﻔﻆ ﻋﻠﻴﻨﺎ اﻟﺤﻴﺎة، وأﻏﻨﺎم ﻧﺮﻋﺎﻫﺎ، ﻧﺒﻴﻊ ﻟﺒﻨﻬﺎ وﻧﺴﻤﱢ ﻨﻬﺎ ﻟﻨﺒﻴﻌﻬﺎ أﻳﻀًﺎ، وﻣﻦ,Narrator,default,high,-,-,1.0,0%,0%,success,-
SEGMENT,165,1,ﺷﻌﺮﻫﺎ ﺗﻐﺰل أﻣﻨﺎ اﻟﻜﺴﺎء.,Narrator,default,high,-,-,1.0,0%,0%,success,-
SEGMENT,166,1,– واﻟﻨﺎي واﻟﺤﺪﻳﻘﺔ؟,Narrator,default,high,-,-,1.0,0%,0%,success,-
SEGMENT,167,1,ﻓﻠﻢ ﻳﺠﺐ، واﺗﺠﻪ ﻧﺤﻮ اﻷﻏﻨﺎم ﺑﻌﺪ أن ﺗﻨﺎول ﻋﺼﺎه املﻠﻘﺎة ﻋﻨﺪ ﻗﺪﻣَﻴﻪ. ووﻗﻒ ﻗﺪري،,Narrator,default,high,-,-,1.0,0%,0%,success,-
SEGMENT,168,1,وﺻﺎح ﻣﻮﺟﻬًﺎ ﺧﻄﺎﺑﻪ إﱃ اﻟﺒﻴﺖ اﻟﻜﺒري ﰲ ﻋﺒﺚ: أﺳﻤﺤﺖ ﺑﺄن ﻧﺮﺛﻚ، أم ﺳﺘﻌﺎﻗﺒﻨﺎ ﰲ ﻣﻮﺗﻚ,Narrator,default,high,-,-,1.0,0%,0%,success,-
SEGMENT,169,1,ﻛﻤﺎ ﻋﺎﻗﺒﺘﻨﺎ ﰲ ﺣﻴﺎﺗﻚ؟,Narrator,default,high,-,-,1.0,0%,0%,success,-
SEGMENT,170,1,أﺟﺐ ﻳﺎ ﺟﺒﻼوي!,Narrator,default,high,-,-,1.0,0%,0%,success,-
SEGMENT,171,1,وردد اﻟﺼﺪى:,Narrator,default,high,-,-,1.0,0%,0%,success,-
SEGMENT,172,1,أﺟﺐ ﻳﺎ ﺟﺒﻼوي!,Unknown,quote_guillemet_reversed,medium,» «,-,1.0,0%,0%,warning,Confirm_Speaker
Processing Stats,Total Segments: 172,Success: 167,Warning: 5,Error: 0,Success Rate: 97.1%,Flagged for Review: 5 (2.9%),-,-,-,-,-,-
Character Stats,Detected Characters: 2,Narrator: 167 segs,Unknown: 5 segs (5 speeches),-,-,-,-,-,-,-,-,-,-
Detection Methods,default: 167,quote_guillemet_reversed: 5,-,-,-,-,-,-,-,-,-,-,-
Confidence Breakdown,High: 167 (97.1%),Medium: 5 (2.9%),Low: 0 (0.0%),-,-,-,-,-,-,-,-,-
Review Flags,Confirm_Speaker: 5,-,-,-,-,-,-,-,-,-,-,-,-
Notes,Detection Method Codes:,quote_guillemet=« »,"quote_double="" """,quote_single=' ',quote_em_dash=— —,speaker_attr_before=قال patterns before,speaker_attr_after=قال patterns after,default=No quotes,-,-,-,-
