Line_Num,Word_Count,Disposition,Target_Segment,Actions,Original_Text
1,1,PENDING_NARRATION,-,added_to_pending_narration_buffer_1,اﻓﺘﺘﺎﺣﻴﺔ
2,15,PENDING_NARRATION,-,added_to_pending_narration_buffer_2,ﻫﺬه ﺣﻜﺎﻳﺔ ﺣﺎرﺗﻨﺎ، أو ﺣﻜﺎﻳﺎت ﺣﺎرﺗﻨﺎ وﻫﻮ اﻷﺻﺪق. ﻟﻢ أﺷﻬﺪ ﻣﻦ واﻗﻌﻬﺎ إﻻ ﻃﻮره اﻷﺧري
3,13,PENDING_NARRATION,-,added_to_pending_narration_buffer_3,اﻟﺬي ﻋﺎﴏﺗﻪ، وﻟﻜﻨﻲ ﺳﺠﻠﺘﻬﺎ ﺟﻤﻴﻌًﺎ ﻛﻤﺎ ﻳﺮوﻳﻬﺎ اﻟﺮواة، وﻣﺎ أﻛﺜﺮﻫﻢ! ﺟﻤﻴﻊ أﺑﻨﺎء ﺣﺎرﺗﻨﺎ
4,16,PENDING_NARRATION,-,added_to_pending_narration_buffer_4,ﻳﺮوون ﻫﺬه اﻟﺤﻜﺎﻳﺎت، ﻳﺮوﻳﻬﺎ ﻛﻞ ﱞ ﻛﻤﺎ ﻳﺴﻤﻌﻬﺎ ﰲ ﻗﻬﻮة ﺣﻴﱢﻪ أو ﻛﻤﺎ ﻧُﻘﻠﺖ ْإﻟﻴﻪ ﺧﻼل
5,16,PENDING_NARRATION,-,added_to_pending_narration_buffer_5,اﻷﺟﻴﺎل، وﻻ ﺳﻨﺪ ﱄ ﻓﻴﻤﺎ ﻛﺘﺒﺖ إﻻ ﻫﺬه املﺼﺎدر. وﻣﺎ أﻛﺜﺮ املﻨﺎﺳﺒﺎت اﻟﺘﻲ ﺗﺪﻋﻮ إﱃ ﺗﺮدﻳﺪ
6,16,PENDING_NARRATION,-,added_to_pending_narration_buffer_6,اﻟﺤﻜﺎﻳﺎت! ﻛﻠﻤﺎ ﺿﺎق أﺣﺪ ﺑﺤﺎﻟﻪ، أو ﻧﺎء ﺑﻈﻠﻢ أو ﺳﻮء ﻣﻌﺎﻣﻠﺔ؛ أﺷﺎر إﱃ اﻟﺒﻴﺖ اﻟﻜﺒري ﻋﲆ
7,14,COLON_DIALOGUE_START,3,colon_detected | split_at_colon_before=9_after=5 | pending_narration_6_lines_77_words | flushing_pending_as_segment_1 | kept_last_pending_line_for_attribution | split_narration_attribution_narration=22_attribution=3 | created_pre_dialogue_narration_2 | starting_dialogue_speaker=Unknown,رأس اﻟﺤﺎرة ﻣﻦ ﻧﺎﺣﻴﺘﻬﺎ املﺘﺼﻠﺔ ﺑﺎﻟﺼﺤﺮاء، وﻗﺎل ﰲ ﺣﴪة: »ﻫﺬا ﺑﻴﺖ ﺟﺪﱢﻧﺎ، ﺟﻤﻴﻌﻨﺎ ﻣﻦ
8,14,DIALOGUE_CONTINUATION_CLOSING,3,closing_guillemet_detected | split_at_guillemet_dialogue=10_after=4 | closing_dialogue_segment_3 | saved_after_dialogue_as_pending,اﻟﻘﺼﺺ ﱢ ﺻﻠﺒﻪ، وﻧﺤﻦ ﻣﺴﺘﺤﻘﻮ أوﻗﺎﻓﻪ، ﻓﻠﻤﺎذا ﻧﺠﻮع؟ وﻛﻴﻒ ﻧﻀﺎم؟!« ﺛﻢ ﻳﺄﺧﺬ ﰲ ﻗﺺ
9,14,PENDING_NARRATION,-,added_to_pending_narration_buffer_2,واﻻﺳﺘﺸﻬﺎد ﺑﺴري أدﻫﻢ وﺟﺒﻞ ورﻓﺎﻋﺔ وﻗﺎﺳﻢ ﻣﻦ أوﻻد ﺣﺎرﺗﻨﺎ اﻷﻣﺠﺎد. وﺟﺪﱡﻧﺎ ﻫﺬا ﻟﻐﺰ ﻣﻦ
10,16,PENDING_NARRATION,-,added_to_pending_narration_buffer_3,اﻷﻟﻐﺎز؛ ﻋُﻤﱢ ﺮ ﻓﻮق ﻣﺎ ﻳﻄﻤﻊ إﻧﺴﺎن أو ﻳﺘﺼﻮر، ﺣﺘﻰ ﴐُب املﺜﻞ ﺑﻄﻮل ﻋﻤﺮه، واﻋﺘﺰل ﰲ
11,17,PENDING_NARRATION,-,added_to_pending_narration_buffer_4,ﺑﻴﺘﻪ ﻟﻜﱪه ﻣﻨﺬ ﻋﻬﺪ ٍﺑﻌﻴﺪ، ﻓﻠﻢ ﻳﺮه ﻣﻨﺬ اﻋﺘﺰاﻟﻪ أﺣﺪ. وﻗﺼﺔ اﻋﺘﺰاﻟﻪ وﻛﱪه ﻣﻤﺎ ﻳُﺤري ﱢ اﻟﻌﻘﻮل،
12,15,PENDING_NARRATION,-,added_to_pending_narration_buffer_5,وﻟﻌﻞ اﻟﺨﻴﺎل أو اﻷﻏﺮاض ﻗﺪ اﺷﱰﻛﺖ ﰲ إﻧﺸﺎﺋﻬﺎ. ﻋﲆ أي ﺣﺎل، ﻛﺎن ﻳُﺪﻋﻲ اﻟﺠﺒﻼوي وﺑﺎﺳﻤﻪ
13,14,PENDING_NARRATION,-,added_to_pending_narration_buffer_6,ﺳﻤﻴﺖ ﺣﺎرﺗﻨﺎ. وﻫﻮ ﺻﺎﺣﺐ أوﻗﺎﻓﻬﺎ وﻛﻞ ﻗﺎﺋﻢ ﻓﻮق أرﺿﻬﺎ واﻷﺣﻜﺎر املﺤﻴﻄﺔ ﺑﻬﺎ ﰲ اﻟﺨﻼء.
14,15,COLON_DIALOGUE_START,5,colon_detected | split_at_colon_before=6_after=9 | pending_narration_6_lines_80_words | flushing_pending_as_segment_4 | kept_last_pending_line_for_attribution | split_narration_attribution_narration=0_attribution=20 | starting_dialogue_speaker=Unknown,ﺳﻤﻌﺖ ﻣﺮة رﺟﻼ ًﻳﺘﺤﺪث ﻋﻨﻪ ﻓﻴﻘﻮل: »ﻫﻮ أﺻﻞ ﺣﺎرﺗﻨﺎ، وﺣﺎرﺗﻨﺎ أﺻﻞ ﻣﴫ أم ﱢ اﻟﺪﻧﻴﺎ،
15,14,DIALOGUE_CONTINUATION,5,added_to_dialogue_5,ﻋﺎش ﻓﻴﻬﺎ وﺣﺪه وﻫﻲ ﺧﻼء ٌﺧﺮاب، ﺛﻢ اﻣﺘﻠﻜﻬﺎ ﺑﻘﻮة ﺳﺎﻋﺪه وﺑﻤﻨﺰﻟﺘﻪ ﻋﻨﺪ اﻟﻮاﱄ. ﻛﺎن
16,14,COLON_DIALOGUE_START,6,colon_detected | closing_previous_dialogue | split_at_colon_before=13_after=1 | split_narration_attribution_narration=0_attribution=13 | starting_dialogue_speaker=Unknown,رﺟﻼ ًﻻ ﻳﺠﻮد اﻟﺰﻣﺎن ﺑﻤﺜﻠﻪ، وﻓﺘﻮة ﺗﻬﺎب اﻟﻮﺣﻮش ذﻛﺮه.« وﺳﻤﻌﺖ آﺧﺮ ﻳﻘﻮل ﻋﻨﻪ: »ﻛﺎن
17,15,DIALOGUE_CONTINUATION,6,added_to_dialogue_6,ﻓﺘﻮة ﺣﻘٍّﺎ، وﻟﻜﻨﻪ ﻟﻢ ﻳﻜﻦ ﻛﺎﻟﻔﺘﻮات اﻵﺧﺮﻳﻦ، ﻓﻠﻢ ﻳﻔﺮض ﻋﲆ أﺣﺪ إﺗﺎوة، وﻟﻢ ﻳﺴﺘﻜﱪ ﰲ
18,15,DIALOGUE_CONTINUATION_CLOSING,6,closing_guillemet_detected | split_at_guillemet_dialogue=4_after=11 | closing_dialogue_segment_6 | saved_after_dialogue_as_pending,اﻷرض، وﻛﺎن ﺑﺎﻟﻀﻌﻔﺎء رﺣﻴﻤًﺎ.« ﺛﻢ ﺟﺎء زﻣﺎن ﻓﺘﻨﺎوﻟﺘﻪ ﻗﻠﺔ ﻣﻦ اﻟﻨﺎس ﺑﻜﻼم ﻻ ﻳﻠﻴﻖ ﺑﻘﺪره
19,15,PENDING_NARRATION,-,added_to_pending_narration_buffer_2,وﻣﻜﺎﻧﺘﻪ، وﻫﻜﺬا ﺣﺎل اﻟﺪﻧﻴﺎ. وﻛﻨﺖ وﻣﺎ زﻟﺖ أﺟﺪ اﻟﺤﺪﻳﺚ ﻋﻨﻪ ﺷﺎﺋﻘًﺎ ﻻ ﻳُﻤﻞﱡ. وﻛﻢ دﻓﻌﻨﻲ
20,16,PENDING_NARRATION,-,added_to_pending_narration_buffer_3,ذاك إﱃ اﻟﻄﻮاف ﺑﺒﻴﺘﻪ اﻟﻜﺒري ﻟﻌﲇ أﻓﻮز ﺑﻨﻈﺮة ﻣﻨﻪ وﻟﻜﻦ ﻣﻦ دون ﺟﺪوى. وﻛﻢ وﻗﻔﺖ أﻣﺎم
21,15,PENDING_NARRATION,-,added_to_pending_narration_buffer_4,ﺑﺎﺑﻪ اﻟﻀﺨﻢ أرﻧﻮ إﱃ اﻟﺘﻤﺴﺎح املﺤﻨﱠﻂ املﺮﻛﱠﺐ أﻋﻼه! وﻛﻢ ﺟﻠﺴﺖ ﰲ ﺻﺤﺮاء املﻘﻄﻢ ﻏري ﺑﻌﻴﺪ
22,2,PENDING_NARRATION,-,added_to_pending_narration_buffer_5,أوﻻد ﺣﺎرﺗﻨﺎ
23,14,PENDING_NARRATION,-,added_to_pending_narration_buffer_6,ﻣﻦ ﺳﻮره اﻟﻜﺒري، ﻓﻼ أرى إﻻ رءوس أﺷﺠﺎر اﻟﺘﻮت واﻟﺠﻤﻴﺰ واﻟﻨﺨﻴﻞ ﺗﻜﺘﻨﻒ اﻟﺒﻴﺖ، وﻧﻮاﻓﺬ
24,19,PENDING_NARRATION,-,added_to_pending_narration_buffer_7,ﻣﻐﻠﻘﺔ ﻻ ﺗﻨﻢ ﻋﲆ أي أﺛﺮ ﻟﺤﻴﺎة. أﻟﻴﺲ ﻣﻦ املﺤﺰن أن ﻳﻜﻮن ﻟﻨﺎ ﺟﺪ ﱞ ﻣﺜﻞ ﻫﺬا اﻟﺠﺪ دون
25,17,PENDING_NARRATION,-,added_to_pending_narration_buffer_8,أن ﻧﺮاه أو ﻳﺮاﻧﺎ؟ أﻟﻴﺲ ﻣﻦ اﻟﻐﺮﻳﺐ أن ﻳﺨﺘﻔﻲ ﻫﻮ ﰲ ﻫﺬا اﻟﺒﻴﺖ اﻟﻜﺒري املﻐﻠﻖ وأن ﻧﻌﻴﺶ
26,16,PENDING_NARRATION,-,added_to_pending_narration_buffer_9,ﻧﺤﻦ ﰲ اﻟﱰاب؟! وإذا ﺗﺴﺎءﻟﺖ ﻋﻤﺎ ﺻﺎر ﺑﻪ وﺑﻨﺎ إﱃ ﻫﺬا اﻟﺤﺎل ﺳﻤﻌﺖ ﻣﻦ ﻓﻮرك اﻟﻘﺼﺺ،
27,16,PENDING_NARRATION,-,added_to_pending_narration_buffer_10,وﺗﺮددت ﻋﲆ أذﻧَﻴﻚ أﺳﻤﺎء أدﻫﻢ وﺟﺒﻞ ورﻓﺎﻋﺔ وﻗﺎﺳﻢ، وﻟﻦ ﺗﻈﻔﺮ ﺑﻤﺎ ﻳﺒﻞ ﱡ اﻟﺼﺪر أو ﻳﺮﻳﺢ
28,1,PENDING_NARRATION,-,added_to_pending_narration_buffer_11,اﻟﻌﻘﻞ.
29,18,PENDING_NARRATION,-,added_to_pending_narration_buffer_12,ﻗﻠﺖ إن أﺣﺪًا ﻟﻢ ﻳﺮه ﻣﻨﺬ اﻋﺘﺰاﻟﻪ. وﻟﻢ ﻳﻜﻦ ﻫﺬا ﺑﺬي ﺑﺎل ٍﻋﻨﺪ أﻛﺜﺮ اﻟﻨﺎس، ﻓﻠﻢ ﻳﻬﺘﻤﻮا ﻣﻨﺬ
30,15,PENDING_NARRATION,-,added_to_pending_narration_buffer_13,ﺑﺎدئ اﻷﻣﺮ إﻻ ﺑﺄوﻗﺎﻓﻪ وﺑﴩوﻃﻪ اﻟﻌﴩة اﻟﺘﻲ ﻛﺜﺮ اﻟﻘﻴﻞ واﻟﻘﺎل ﻋﻨﻬﺎ، وﻣﻦ ﻫﻨﺎ وُﻟﺪ اﻟﻨﺰاع
31,13,PENDING_NARRATION,-,added_to_pending_narration_buffer_14,ﰲ ﺣﺎرﺗﻨﺎ ﻣﻨﺬ وﻟﺪتُ، وﻣﴣ ﺧﻄﺮه ﻳﺴﺘﻔﺤﻞ ﺑﺘﻌﺎﻗﺐ اﻷﺟﻴﺎل ﺣﺘﻰ اﻟﻴﻮم، واﻟﻐﺪ. وﻟﺬﻟﻚ
32,15,PENDING_NARRATION,-,added_to_pending_narration_buffer_15,ًﻓﻠﻴﺲ أدﻋﻰ إﱃ اﻟﺴﺨﺮﻳﺔ املﺮﻳﺮة ﻣﻦ اﻹﺷﺎرة إﱃ ﺻﻠﺔ اﻟﻘﺮﺑﻰ اﻟﺘﻲ ﺗﺠﻤﻊ ﺑني أﺑﻨﺎء ﺣﺎرﺗﻨﺎ.
33,16,PENDING_NARRATION,-,added_to_pending_narration_buffer_16,ﻛﻨﺎ وﻣﺎ زﻟﻨﺎ أﴎة ًواﺣﺪة ﻟﻢ ﻳﺪﺧﻠﻬﺎ ﻏﺮﻳﺐ، وﻛﻞ ﻓﺮد ﰲ ﺣﺎرﺗﻨﺎ ﻳﻌﺮف ﺳﻜﺎﻧﻬﺎ ﺟﻤﻴﻌًﺎ ﻧﺴﺎء
34,15,PENDING_NARRATION,-,added_to_pending_narration_buffer_17,ورﺟﺎﻻً. وﻣﻊ ذﻟﻚ ﻓﻠﻢ ﺗﻌﺮف ﺣﺎرة ٌﺣﺪة اﻟﺨﺼﺎم ﻛﻤﺎ ﻋﺮﻓﻨﺎﻫﺎ، وﻻ ﻓﺮﱠق ﺑني أﺑﻨﺎﺋﻬﺎ اﻟﻨﺰاع
35,15,PENDING_NARRATION,-,added_to_pending_narration_buffer_18,ﻛﻤﺎ ﻓﺮﱠق ﺑﻴﻨﻨﺎ، وﻧﻈري ﻛﻞ ﺳﺎع ٍإﱃ اﻟﺨري ﺗﺠﺪ ﻋﴩة ﻓﺘﻮات ﻳﻠﻮﱢﺣﻮن ﺑﺎﻟﻨﺒﺎﺑﻴﺖ وﻳﺪﻋﻮن إﱃ
36,12,PENDING_NARRATION,-,added_to_pending_narration_buffer_19,اﻟﻘﺘﺎل؛ ﺣﺘﻰ اﻋﺘﺎد اﻟﻨﺎس أن ﻳﺸﱰوا اﻟﺴﻼﻣﺔ ﺑﺎﻹﺗﺎوة، واﻷﻣﻦ ﺑﺎﻟﺨﻀﻮع واملﻬﺎﻧﺔ، وﻻﺣﻘﺘﻬﻢ
37,15,PENDING_NARRATION,-,added_to_pending_narration_buffer_20,اﻟﻌﻘﻮﺑﺎت اﻟﺼﺎرﻣﺔ ﻷدﻧﻰ ﻫﻔﻮة ﰲ اﻟﻘﻮل أو ﰲ اﻟﻔﻌﻞ ﺑﻞ اﻟﺨﺎﻃﺮة ﺗﺨﻄﺮ ﻓﻴﴚ ﺑﻬﺎ اﻟﻮﺟﻪ.
38,12,PENDING_NARRATION,-,added_to_pending_narration_buffer_21,وأﻋﺠﺐ ﳾء أن اﻟﻨﺎس ﰲ اﻟﺤﺎرات اﻟﻘﺮﻳﺒﺔ ﻣﻨﺎ ﻛﺎﻟﻌﻄﻮف وﻛﻔﺮ اﻟﺰﻏﺎري واﻟﺪرﱠاﺳﺔ
39,11,COLON_DIALOGUE_START,8,colon_detected | split_at_colon_before=8_after=3 | pending_narration_21_lines_288_words | flushing_pending_as_segment_7 | kept_last_pending_line_for_attribution | split_narration_attribution_narration=0_attribution=20 | starting_dialogue_speaker=Unknown,واﻟﺤﺴﻴﻨﻴﺔ ﻳﺤﺴﺪوﻧﻨﺎ ﻋﲆ أوﻗﺎف ﺣﺎرﺗﻨﺎ ورﺟﺎﻟﻨﺎ اﻷﺷﺪاء، ﻓﻴﻘﻮﻟﻮن: ﺣﺎرة ٌﻣﻨﻴﻌﺔ، وأوﻗﺎف
40,16,DIALOGUE_CONTINUATION,8,added_to_dialogue_8,ﺗﺪر ﱡ اﻟﺨريات، وﻓﺘﻮات ﻻ ﻳُﻐﻠَﺒﻮن. ﻛﻞ ﻫﺬا ﺣﻖ، وﻟﻜﻨﻬﻢ ﻻ ﻳﻌﻠﻤﻮن أﻧﻨﺎ ﺑﺘﻨﺎ ﻣﻦ اﻟﻔﻘﺮ
41,12,DIALOGUE_CONTINUATION,8,added_to_dialogue_8,ﻛﺎملﺘﺴﻮﻟني، ﻧﻌﻴﺶ ﰲ اﻟﻘﺎذورات ﺑني اﻟﺬﺑﺎب واﻟﻘﻤﻞ، ﻧﻘﻨﻊ ﺑﺎﻟﻔﺘﺎت، وﻧﺴﻌﻰ ﺑﺄﺟﺴﺎد ٍﺷﺒﻪ
42,11,DIALOGUE_CONTINUATION,8,added_to_dialogue_8,ﻋﺎرﻳﺔ. وﻫﺆﻻء اﻟﻔﺘﻮات ﻳﺮوﻧﻬﻢ وﻫﻢ ﻳﺘﺒﺨﱰون ﻓﻮق ﺻﺪورﻧﺎ، ﻓﻴﺄﺧﺬﻫﻢ اﻹﻋﺠﺎب، وﻟﻜﻨﻬﻢ
43,16,DIALOGUE_CONTINUATION,8,added_to_dialogue_8,ﻳﻨﺴﻮن أﻧﻬﻢ إﻧﻤﺎ ﻳﺘﺒﺨﱰون ﻓﻮق ﺻﺪورﻧﺎ، وﻻ ﻋﺰاء ﻟﻨﺎ إﻻ أن ﻧﺘﻄﻠﻊ إﱃ اﻟﺒﻴﺖ اﻟﻜﺒري وﻧﻘﻮل
44,12,COLON_DIALOGUE_START,9,colon_detected | closing_previous_dialogue | split_at_colon_before=3_after=9 | split_narration_attribution_narration=0_attribution=3 | starting_dialogue_speaker=Unknown,ﰲ ﺣﺰن ٍوﺣﴪة: »ﻫﻨﺎ ﻳﻘﻴﻢ اﻟﺠﺒﻼوي، ﺻﺎﺣﺐ اﻷوﻗﺎف، ﻫﻮ اﻟﺠﺪ وﻧﺤﻦ اﻷﺣﻔﺎد.«
45,13,DIALOGUE_CONTINUATION,9,added_to_dialogue_9,ﺷﻬﺪت اﻟﻌﻬﺪ اﻷﺧري ﻣﻦ ﺣﻴﺎة ﺣﺎرﺗﻨﺎ، وﻋﺎﴏت اﻷﺣﺪاث اﻟﺘﻲ دﻓﻊ ﺑﻬﺎ إﱃ اﻟﻮﺟﻮد
46,13,DIALOGUE_CONTINUATION_CLOSING,9,closing_guillemet_detected | split_at_guillemet_dialogue=1_after=12 | closing_dialogue_segment_9 | saved_after_dialogue_as_pending,»ﻋﺮﻓﺔ« اﺑﻦ ﺣﺎرﺗﻨﺎ اﻟﺒﺎر. وإﱃ أﺣﺪ أﺻﺤﺎب ﻋﺮﻓﺔ ﻳﺮﺟﻊ اﻟﻔﻀﻞ ﰲ ﺗﺴﺠﻴﻞ ﺣﻜﺎﻳﺎت
47,17,COLON_DIALOGUE_START,11,colon_detected | split_at_colon_before=8_after=9 | pending_narration_1_lines_12_words | prepended_all_pending_to_attribution | split_narration_attribution_narration=17_attribution=3 | created_pre_dialogue_narration_10 | starting_dialogue_speaker=ﻋﺮﻓﺔ,ﺣﺎرﺗﻨﺎ ﻋﲆ ﻳﺪيﱠ ، إذ ﻗﺎل ﱄ ﻳﻮﻣًﺎ: »إﻧﻚ ﻣﻦ اﻟﻘﻠﺔ اﻟﺘﻲ ﺗﻌﺮف اﻟﻜﺘﺎﺑﺔ، ﻓﻠﻤﺎذا ﻻ ﺗﻜﺘﺐ
48,13,DIALOGUE_CONTINUATION,11,added_to_dialogue_11,ﺣﻜﺎﻳﺎت ﺣﺎرﺗﻨﺎ؟ إﻧﻬﺎ ﺗُﺮوَى ﺑﻐري ﻧﻈﺎم، وﺗﺨﻀﻊ ﻷﻫﻮاء اﻟﺮواة وﺗﺤﺰﱡﺑﺎﺗﻬﻢ، وﻣﻦ املﻔﻴﺪ أن
49,15,DIALOGUE_CONTINUATION,11,added_to_dialogue_11,ﺗﺴﺠﻞ ﺑﺄﻣﺎﻧﺔ ﰲ وﺣﺪة ٍﻣﺘﻜﺎﻣﻠﺔ ﻟﻴﺤﺴﻦ اﻻﻧﺘﻔﺎع ﺑﻬﺎ، وﺳﻮف أﻣﺪﱡك ﺑﻤﺎ ﻻ ﺗﻌﻠﻢ ﻣﻦ اﻷﺧﺒﺎر
50,13,DIALOGUE_CONTINUATION_CLOSING,11,closing_guillemet_detected | split_at_guillemet_dialogue=1_after=12 | closing_dialogue_segment_11 | saved_after_dialogue_as_pending,واﻷﴎار.« وﻧﺸﻄﺖ ُإﱃ ﺗﻨﻔﻴﺬ اﻟﻔﻜﺮة، اﻗﺘﻨﺎﻋًﺎ ﺑﻮﺟﺎﻫﺘﻬﺎ ﻣﻦ ﻧﺎﺣﻴﺔ، وﺣﺒٍّﺎ ﻓﻴﻤﻦ اﻗﱰﺣﻬﺎ ﻣﻦ
51,2,PENDING_NARRATION,-,added_to_pending_narration_buffer_2,ﻧﺎﺣﻴﺔ ٍأﺧﺮى.
52,1,PENDING_NARRATION,-,added_to_pending_narration_buffer_3,8
53,1,PENDING_NARRATION,-,added_to_pending_narration_buffer_4,اﻓﺘﺘﺎﺣﻴﺔ
54,18,PENDING_NARRATION,-,added_to_pending_narration_buffer_5,وﻛﻨﺖ أول ﻣﻦ اﺗﺨﺬ ﻣﻦ اﻟﻜﺘﺎﺑﺔ ﺣﺮﻓﺔ ًﰲ ﺣﺎرﺗﻨﺎ ﻋﲆ رﻏﻢ ﻣﺎ ﺟﺮﱠه ذﻟﻚ ﻋﲇ ﱠ ﻣﻦ ﺗﺤﻘري
55,10,PENDING_NARRATION,-,added_to_pending_narration_buffer_6,وﺳﺨﺮﻳﺔ. وﻛﺎﻧﺖ ﻣﻬﻤﺘﻲ أن أﻛﺘﺐ اﻟﻌﺮاﺋﺾ واﻟﺸﻜﺎوى ﻟﻠﻤﻈﻠﻮﻣني وأﺻﺤﺎب اﻟﺤﺎﺟﺎت.
56,14,PENDING_NARRATION,-,added_to_pending_narration_buffer_7,وﻋﲆ ﻛﺜﺮة املﺘﻈﻠﻤني اﻟﺬﻳﻦ ﻳﻘﺼﺪوﻧﻨﻲ ﻓﺈن ﻋﻤﲇ ﻟﻢ ﻳﺴﺘﻄﻊ أن ﻳﺮﻓﻌﻨﻲ ﻋﻦ املﺴﺘﻮى اﻟﻌﺎم
57,14,PENDING_NARRATION,-,added_to_pending_narration_buffer_8,ﻟﻠﻤﺘﺴﻮﻟني ﰲ ﺣﺎرﺗﻨﺎ، إﱃ ﻣﺎ أﻃﻠﻌﻨﻲ ﻋﻠﻴﻪ ﻣﻦ أﴎار اﻟﻨﺎس وأﺣﺰاﻧﻬﻢ ﺣﺘﻰ ﺿﻴﱠﻖ ﺻﺪري
58,16,PENDING_NARRATION,-,added_to_pending_narration_buffer_9,وأﺷﺠﻦ ﻗﻠﺒﻲ. وﻟﻜﻦ ﻣﻬﻼً، ﻓﺈﻧﻨﻲ ﻻ أﻛﺘﺐ ﻋﻦ ﻧﻔﴘ وﻻ ﻋﻦ ﻣﺘﺎﻋﺒﻲ، وﻣﺎ أﻫﻮن ﻣﺘﺎﻋﺒﻲ إذا
59,12,PENDING_NARRATION,-,added_to_pending_narration_buffer_10,ﻗﻴﺴﺖ ﺑﻤﺘﺎﻋﺐ ﺣﺎرﺗﻨﺎ! ﺣﺎرﺗﻨﺎ اﻟﻌﺠﻴﺒﺔ ذات اﻷﺣﺪاث اﻟﻌﺠﻴﺒﺔ. ﻛﻴﻒ وﺟﺪت؟ وﻣﺎذا ﻛﺎن
60,6,PENDING_NARRATION,-,added_to_pending_narration_buffer_11,ﻣﻦ أﻣﺮﻫﺎ؟ وﻣَﻦ ﻫﻢ أوﻻد ﺣﺎرﺗﻨﺎ؟
61,1,PENDING_NARRATION,-,added_to_pending_narration_buffer_12,9
62,1,PENDING_NARRATION,-,added_to_pending_narration_buffer_13,أدﻫﻢ
63,1,PENDING_NARRATION,-,added_to_pending_narration_buffer_14,١
64,15,PENDING_NARRATION,-,added_to_pending_narration_buffer_15,ﻛﺎن ﻣﻜﺎن ﺣﺎرﺗﻨﺎ ﺧﻼء؛ ﻓﻬﻮ اﻣﺘﺪاد ﻟﺼﺤﺮاء املﻘﻄﻢ اﻟﺬي ﻳﺮﺑﺾ ﰲ اﻷﻓﻖ. وﻟﻢ ﻳﻜﻦ ﺑﺎﻟﺨﻼء
65,14,PENDING_NARRATION,-,added_to_pending_narration_buffer_16,ﻣﻦ ﻗﺎﺋﻢ إﻻ اﻟﺒﻴﺖ اﻟﻜﺒري اﻟﺬي ﺷﻴﱠﺪه اﻟﺠﺒﻼوي ﻛﺄﻧﻤﺎ ﻟﻴﺘﺤﺪى ﺑﻪ اﻟﺨﻮف واﻟﻮﺣﺸﺔ وﻗُﻄﱠﺎع
66,12,PENDING_NARRATION,-,added_to_pending_narration_buffer_17,اﻟﻄﺮﻳﻖ. ﻛﺎن ﺳﻮره اﻟﻜﺒري اﻟﻌﺎﱄ ﻳﺘﺤﻠﻖ ﻣﺴﺎﺣﺔ ًواﺳﻌﺔ، ﻧﺼﻔﻬﺎ اﻟﻐﺮﺑﻲ ﺣﺪﻳﻘﺔ، واﻟﴩﻗﻲ
67,5,PENDING_NARRATION,-,added_to_pending_narration_buffer_18,ﻣﺴﻜﻦ ﻣﻜﻮﱠن ﻣﻦ أدوار ﺛﻼﺛﺔ.
68,12,PENDING_NARRATION,-,added_to_pending_narration_buffer_19,وﻳﻮﻣًﺎ دﻋﺎ اﻟﻮاﻗﻒ ُأﺑﻨﺎءه إﱃ ﻣﺠﻠﺴﻪ ﺑﺎﻟﺒﻬﻮ اﻟﺘﺤﺘﺎﻧﻲ املﺘﺼﻞ ﺑﺴﻼﻣﻠﻚ اﻟﺤﺪﻳﻘﺔ؛ وﺟﺎء
69,12,PENDING_NARRATION,-,added_to_pending_narration_buffer_20,اﻷﺑﻨﺎء ﺟﻤﻴﻌًﺎ، إدرﻳﺲ وﻋﺒﺎس ورﺿﻮان وﺟﻠﻴﻞ وأدﻫﻢ، ﰲ ﺟﻼﺑﻴﺒﻬﻢ اﻟﺤﺮﻳﺮﻳﺔ، ﻓﻮﻗﻔﻮا ﺑني
70,15,PENDING_NARRATION,-,added_to_pending_narration_buffer_21,ﻳﺪَﻳﻪ وﻫﻢ ﻣﻦ إﺟﻼﻟﻪ ﻻ ﻳﻜﺎدون ﻳﻨﻈﺮون ﻧﺤﻮه إﻻ ﱠ ﺧﻠﺴﺔ. وأﻣﺮﻫﻢ ﺑﺎﻟﺠﻠﻮس ﻓﺠﻠﺴﻮا ﻋﲆ
71,13,PENDING_NARRATION,-,added_to_pending_narration_buffer_22,املﻘﺎﻋﺪ ﻣﻦ ﺣﻮﻟﻪ، وراح ﻳﺘﻔﺤﺼﻬﻢ ﻫﻨﻴﻬﺔ ﺑﻌﻴﻨَﻴﻪ اﻟﻨﺎﻓﺬﺗَني ﻛﻌﻴﻨَﻲ اﻟﺼﻘﺮ، ﺛﻢ ﻗﺎم ﻣﺘﺠﻬًﺎ
72,13,PENDING_NARRATION,-,added_to_pending_narration_buffer_23,ﻧﺤﻮ ﺑﺎب اﻟﺴﻼﻣﻠﻚ. ووﻗﻒ وﺳﻂ اﻟﺒﺎب اﻟﻜﺒري ﻳﻨﻈﺮ إﱃ اﻟﺤﺪﻳﻘﺔ املﱰاﻣﻴﺔ اﻟﺘﻲ ﺗﺰﺣﻤﻬﺎ
73,12,PENDING_NARRATION,-,added_to_pending_narration_buffer_24,أﺷﺠﺎر اﻟﺘﻮت واﻟﺠﻤﻴﺰ واﻟﻨﺨﻴﻞ، وﺗﻌﱰش ﰲ ﺟﻨﺒﺎﺗﻬﺎ اﻟﺤﻨﺎء واﻟﻴﺎﺳﻤني، وﺗﺜﺐ ﻓﻮق ﻏﺼﻮﻧﻬﺎ
74,12,PENDING_NARRATION,-,added_to_pending_narration_buffer_25,ﻣﺰﻗﺰﻗﺔ اﻟﻌﺼﺎﻓري. ﺿﺠﺖ اﻟﺤﺪﻳﻘﺔ ﺑﺎﻟﺤﻴﺎة واﻟﻐﻨﺎء، ﻋﲆ ﺣني ﺳﺎد اﻟﺼﻤﺖ ﺑﺎﻟﺒﻬﻮ. وﺧُﻴﱢﻞ
75,15,PENDING_NARRATION,-,added_to_pending_narration_buffer_26,إﱃ اﻹﺧﻮة أن ﻓﺘﻮة اﻟﺨﻼء ﻗﺪ ﻧﺴﻴﻬﻢ، وﻫﻮ ﻳﺒﺪو ﺑﻄﻮﻟﻪ وﻋﺮﺿﻪ ﺧﻠﻘًﺎ ﻓﻮق اﻵدﻣﻴني ﻛﺄﻧﻤﺎ
76,16,PENDING_NARRATION,-,added_to_pending_narration_buffer_27,ﻣﻦ ﻛﻮﻛﺐ ٍﻫَﺒَﻂ. وﺗﺒﺎدﻟﻮا ﻧﻈﺮات ٍﻣﺘﺴﺎﺋﻠﺔ. إن ﻫﺬا ﺷﺄﻧﻪ إذا ﻗﺮر أﻣﺮًا ذا ﺧﻄﺮ، وﻣﺎ ﻳﻘﻠﻘﻬﻢ
77,17,PENDING_NARRATION,-,added_to_pending_narration_buffer_28,إﻻ أﻧﻪ ﺟﺒﺎر ﰲ اﻟﺒﻴﺖ ﻛﻤﺎ ﻫﻮ ﺟﺒﺎر ﰲ اﻟﺨﻼء وإﻧﻬﻢ ﺣﻴﺎﻟﻪ ﻻ ﳾء. اﻟﺘﻔﺖ اﻟﺮﺟﻞ ﻧﺤﻮﻫﻢ
78,15,PENDING_NARRATION,-,added_to_pending_narration_buffer_29,دون أن ﻳﱪح ﻣﻜﺎﻧﻪ، وﻗﺎل ﺑﺼﻮت ٍﺧﺸﻦ ٍﻋﻤﻴﻖ ﺗﺮدد ﺑﻘﻮة ﰲ أﻧﺤﺎء اﻟﺒﻬﻮ اﻟﺬي ﺗﻮارت
79,14,COLON_DIALOGUE_START,14,colon_detected | split_at_colon_before=5_after=9 | pending_narration_29_lines_307_words | flushing_pending_as_segment_12 | kept_last_pending_line_for_attribution | split_narration_attribution_narration=4_attribution=16 | created_pre_dialogue_narration_13 | starting_dialogue_speaker=Unknown,ﺟﺪراﻧﻪ اﻟﻌﺎﻟﻴﺔ وراء ﺳﺘﺎﺋﺮ وﻃﻨﺎﻓﺲ: أرى ﻣﻦ املﺴﺘﺤﺴﻦ أن ﻳﻘﻮم ﻏريي ﺑﺈدارة اﻟﻮﻗﻒ …
80,16,DIALOGUE_CONTINUATION,14,added_to_dialogue_14,وﺗﻔﺤﱠ ﺺ وﺟﻮﻫﻬﻢ ﻣﺮة ًأﺧﺮى، وﻟﻜﻦ ﻟﻢ ﺗﻨﻢ ﱠ وﺟﻮﻫﻬﻢ ﻋﻦ ﳾء. ﻟﻢ ﺗﻜﻦ إدارة اﻟﻮﻗﻒ
81,14,DIALOGUE_CONTINUATION,14,added_to_dialogue_14,ﻣﻤﺎ ﻳﻐﺮي ﻗﻮﻣًﺎ اﺳﺘﺤﺒﻮا اﻟﻔﺮاغ واﻟﺪﻋﺔ وﻋﺮﺑﺪة اﻟﺸﺒﺎب، وﻓﻀﻼ ًﻋﻦ ﻫﺬا ﻓﺈدرﻳﺲ اﻷخ اﻷﻛﱪ
82,2,DIALOGUE_CONTINUATION,14,added_to_dialogue_14,أوﻻد ﺣﺎرﺗﻨﺎ
83,14,COLON_DIALOGUE_START,16,colon_detected | closing_previous_dialogue | split_at_colon_before=14_after=0 | split_narration_attribution_narration=11_attribution=3 | created_pre_dialogue_narration_15 | starting_dialogue_speaker=إدرﻳﺲ,ﻫﻮ املﺮﺷﺢ اﻟﻄﺒﻴﻌﻲ ﻟﻠﻤﻨﺼﺐ، ﻓﻠﻢ ﻳﻌﺪ أﺣﺪ ﻣﻨﻬﻢ ﻳﺘﺴﺎءل ﻋﻤﺎ ﻫﻨﺎﻟﻚ. وﻗﺎل إدرﻳﺲ ﻟﻨﻔﺴﻪ:
84,14,DIALOGUE_CONTINUATION_CLOSING,16,closing_guillemet_detected | split_at_guillemet_dialogue=12_after=2 | closing_dialogue_segment_16 | saved_after_dialogue_as_pending,»ﻳﺎ ﻟﻪ ﻣﻦ ﻋﺐء! ﻫﺬه اﻷﺣﻜﺎر ﻻ ﺣﴫ ﻟﻬﺎ، وﻫﺆﻻء املﺴﺘﺄﺟﺮون املﻨﺎﻛﻴﺪ!« أﻣﺎ اﻟﺠﺒﻼوي
85,12,COLON_DIALOGUE_START,17,colon_detected | split_at_colon_before=2_after=10 | pending_narration_1_lines_2_words | prepended_all_pending_to_attribution | split_narration_attribution_narration=0_attribution=4 | starting_dialogue_speaker=اﻟﺠﺒﻼوي,ﻓﺎﺳﺘﻄﺮد ﻗﺎﺋﻼً: وﻗﺪ وﻗﻊ اﺧﺘﻴﺎري ﻋﲆ أﺧﻴﻜﻢ أدﻫﻢ ﻟﻴﺪﻳﺮ اﻟﻮﻗﻒ ﺗﺤﺖ إﴍاﰲ.
86,12,DIALOGUE_CONTINUATION,17,added_to_dialogue_17,ﻋﻜﺴﺖ اﻟﻮﺟﻮه ُوﻗﻊ َﻣﻔﺎﺟﺄة ٍﻏري ﻣﺘﻮﻗﱠﻌﺔ، ﻓﺘﺒﻮدﻟﺖ اﻟﻨﻈﺮات ﰲ ﴎﻋﺔ واﻧﻔﻌﺎل، إﻻ
87,15,COLON_DIALOGUE_START,18,colon_detected | closing_previous_dialogue | split_at_colon_before=11_after=4 | split_narration_attribution_narration=0_attribution=11 | starting_dialogue_speaker=اﻟﺠﺒﻼوي,ﺑﴫه ﺣﻴﺎء ًوارﺗﺒﺎﻛًﺎ، ووﻻﱠﻫﻢ اﻟﺠﺒﻼوي ﻇﻬﺮه وﻫﻮ ﻳﻘﻮل ﰲ ﻋﺪم اﻛﱰاث: ﱠ أدﻫﻢ ﻓﻘﺪ ﻏﺾ
88,2,DIALOGUE_CONTINUATION,18,added_to_dialogue_18,ﻟﻬﺬا دﻋﻮﺗﻜﻢ!
89,13,DIALOGUE_CONTINUATION,18,added_to_dialogue_18,ﺗﻔﺠﺮ اﻟﻐﻀﺐ ﰲ ﺑﺎﻃﻦ إدرﻳﺲ، ﻓﺒﺪا ﻛﺎﻟﺜﻤﻞ ﻣﻦ ﺷﺪة ﻣﻘﺎوﻣﺘﻪ، وﻧﻈﺮ إﻟﻴﻪ إﺧﻮﺗﻪ
90,15,DIALOGUE_CONTINUATION,18,added_to_dialogue_18,ﺑﺤﺮج، ودارى ﻛﻞ ﱞ ﻣﻨﻬﻢ — ﻋﺪا أدﻫﻢ ﻃﺒﻌًﺎ — ﻏﻀﺒﻪ ﻟﻜﺮاﻣﺘﻪ ﺑﺎﺣﺘﺠﺎﺟﻪ اﻟﺼﺎﻣﺖ ﻋﲆ
91,14,DIALOGUE_CONTINUATION,18,added_to_dialogue_18,ﺗﺨﻄﻲ إدرﻳﺲ، اﻟﺬي ﻛﺎن ﺗﺨﻄﻴًﺎ ﻣﻀﺎﻋﻔًﺎ ﻟﻬﻢ. أﻣﺎ إدرﻳﺲ ﻓﻘﺎل ﺑﺼﻮت ٍﻫﺎدئ ﻛﺄﻧﻤﺎ ﻳﺨﺮج
92,7,COLON_DIALOGUE_START,19,colon_detected | closing_previous_dialogue | split_at_colon_before=3_after=4 | split_narration_attribution_narration=0_attribution=3 | starting_dialogue_speaker=Unknown,ﻣﻦ ﺟﺴﻢ ٍآﺧﺮ: وﻟﻜﻦ ﻳﺎ أﺑﻲ …
93,7,COLON_DIALOGUE_START,20,colon_detected | closing_previous_dialogue | split_at_colon_before=6_after=1 | split_narration_attribution_narration=0_attribution=6 | starting_dialogue_speaker=Unknown,ﻗﺎﻃﻌﻪ اﻷب ﺑﱪود وﻫﻮ ﻳﻠﺘﻔﺖ ﻧﺤﻮﻫﻢ: وﻟﻜﻦ؟!
94,16,COLON_DIALOGUE_START,22,colon_detected | closing_previous_dialogue | split_at_colon_before=15_after=1 | split_narration_attribution_narration=13_attribution=2 | created_pre_dialogue_narration_21 | starting_dialogue_speaker=إدرﻳﺲ,ﻓﻐﻀﱡ ﻮا اﻷﺑﺼﺎر ﺣﺬرًا ﻣﻦ أن ﻳﻘﺮأ ﻣﺎ ﰲ ﻧﻔﻮﺳﻬﻢ، إﻻ إدرﻳﺲ ﻓﻘﺪ ﻗﺎل ﺑﺈﴏار: وﻟﻜﻨﻨﻲ
95,3,DIALOGUE_CONTINUATION,22,added_to_dialogue_22,اﻷخ اﻷﻛﱪ …
96,10,COLON_DIALOGUE_START,23,colon_detected | closing_previous_dialogue | split_at_colon_before=3_after=7 | split_narration_attribution_narration=0_attribution=3 | starting_dialogue_speaker=اﻟﺠﺒﻼوي,ﻓﻘﺎل اﻟﺠﺒﻼوي ﻣﺴﺘﺎءً: أﻇﻦ أﻧﻨﻲ أﻋﻠﻢ ذﻟﻚ، ﻓﺄﻧﺎ اﻟﺬي أﻧﺠﺒﺘﻚ.
97,13,COLON_DIALOGUE_START,24,colon_detected | closing_previous_dialogue | split_at_colon_before=7_after=6 | split_narration_attribution_narration=0_attribution=7 | starting_dialogue_speaker=إدرﻳﺲ,ﻓﻘﺎل إدرﻳﺲ وﺣﺮارة ﻏﻀﺒﻪ آﺧﺬة ﰲ اﻻرﺗﻔﺎع: ﻟﻸخ اﻷﻛﱪ ﺣﻘﻮق ﻻ ﺗﻬﻀﻢ إﻻ
98,1,DIALOGUE_CONTINUATION,24,added_to_dialogue_24,ﻟﺴﺒﺐ!
99,13,COLON_DIALOGUE_START,26,colon_detected | closing_previous_dialogue | split_at_colon_before=11_after=2 | split_narration_attribution_narration=10_attribution=1 | created_pre_dialogue_narration_25 | starting_dialogue_speaker=Unknown,ﻓﺤﺪﺟﻪ اﻟﺮﺟﻞ ﺑﻨﻈﺮة ٍﻃﻮﻳﻠﺔ ﻛﺄﻧﻤﺎ ﻳﻤﻨﺤﻪ ﻓﺮﺻﺔ ًﻃﻴﺒﺔ ﻟﺘﺪﺑﱡﺮ أﻣﺮه وﻗﺎل: أؤﻛﺪ ﻟﻜﻢ
100,6,DIALOGUE_CONTINUATION,26,added_to_dialogue_26,أﻧﻲ راﻋﻴﺖ ﰲ اﺧﺘﻴﺎري ﻣﺼﻠﺤﺔ اﻟﺠﻤﻴﻊ.
101,15,DIALOGUE_CONTINUATION,26,added_to_dialogue_26,ﺗﻠﻘﱠ ﻰ إدرﻳﺲ اﻟﻠﻄﻤﺔ ﺑﺼﱪ ٍﻳﻨﻔﺪ. إﻧﻪ ﻳﻌﻠﻢ ﻛﻢ ﻳﻀﻴﻖ أﺑﻮه ﺑﺎملﻌﺎرﺿﺔ، وأن ﻋﻠﻴﻪ أن
102,15,DIALOGUE_CONTINUATION,26,added_to_dialogue_26,ﻳﺘﻮﻗﻊ ﻟﻄﻤﺎت ٍأﺷﺪ إذا ﺗﻤﺎدى ﻓﻴﻬﺎ، وﻟﻜﻦ اﻟﻐﻀﺐ ﻟﻢ ﻳﺪع ﻟﻪ ﻓﺮﺻﺔ ﻟﺘﺪﺑﱡﺮ اﻟﻌﻮاﻗﺐ، ﻓﺎﻧﺪﻓﻊ
103,13,DIALOGUE_CONTINUATION,26,added_to_dialogue_26,ﺧﻄﻮات ﺣﺘﻰ ﻛﺎد ﻳﻼﺻﻖ أدﻫﻢ، واﻧﺘﻔﺦ ﻛﺎﻟﺪﻳﻚ املﺰﻫﻮ ﻟﻴﻌﻠﻦ ﻟﻸﺑﺼﺎر ﻓﻮارق اﻟﺤﺠﻢ واﻟﻠﻮن
104,15,DIALOGUE_CONTINUATION,26,added_to_dialogue_26,واﻟﺒﻬﺎء ﺑﻴﻨﻪ وﺑني أﺧﻴﻪ، واﻧﻄﻠﻖ اﻟﻜﻼم ﻣﻦ ﻓﻴﻪ ﻛﻤﺎ ﻳﻨﻄﻠﻖ ﻧﺜﺎر اﻟﺮﻳﻖ ﻋﻨﺪ اﻟﻌﻄﺲ ﺑﻐري
105,13,COLON_DIALOGUE_START,27,colon_detected | closing_previous_dialogue | split_at_colon_before=1_after=12 | split_narration_attribution_narration=0_attribution=1 | starting_dialogue_speaker=Unknown,ًﺿﺎﺑﻂ: إﻧﻲ وأﺷﻘﺎﺋﻲ أﺑﻨﺎء ﻫﺎﻧﻢ ﻣﻦ ﺧرية اﻟﻨﺴﺎء، أﻣﺎ ﻫﺬا ﻓﺎﺑﻦ ﺟﺎرﻳﺔ ﺳﻮداء!
106,16,DIALOGUE_CONTINUATION,27,added_to_dialogue_27,ﺷﺤﺐ وﺟﻪ أدﻫﻢ اﻷﺳﻤﺮ دون أن ﺗﻨﺪ ﱠ ﻋﻨﻪ ﺣﺮﻛﺔ، ﻋﲆ ﺣني ﻟﻮﱠح اﻟﺠﺒﻼوي ﺑﻴﺪه ﻗﺎﺋﻼ
107,5,COLON_DIALOGUE_START,28,colon_detected | closing_previous_dialogue | split_at_colon_before=2_after=3 | split_narration_attribution_narration=0_attribution=2 | starting_dialogue_speaker=Unknown,ﺑﻨﱪات اﻟﻮﻋﻴﺪ: ﺗﺄدب ﻳﺎ إدرﻳﺲ!
108,12,COLON_DIALOGUE_START,29,colon_detected | closing_previous_dialogue | split_at_colon_before=9_after=3 | split_narration_attribution_narration=0_attribution=9 | starting_dialogue_speaker=إدرﻳﺲ,وﻟﻜﻦ إدرﻳﺲ ﻛﺎﻧﺖ ﺗﻌﺼﻒ ﺑﻪ ﻋﻮاﺻﻒ اﻟﻐﻀﺐ املﺠﻨﻮﻧﺔ ﻓﻬﺘﻒ: وﻫﻮ أﺻﻐﺮﻧﺎ أﻳﻀًﺎ،
109,12,DIALOGUE_CONTINUATION,29,added_to_dialogue_29,ﻓﺪﻟﱠﻨﻲ ﻋﲆ ﺳﺒﺐ ﻳﺮﺟﺤﻨﻲ ﺑﻪ إﻻ أن ﻳﻜﻮن زﻣﺎﻧﻨﺎ زﻣﺎن اﻟﺨﺪم واﻟﻌﺒﻴﺪ!
110,7,EM_DASH_NARRATOR,30,em_dash_detected | closing_previous_dialogue | created_narrator_segment_30,– اﻗﻄﻊ ﻟﺴﺎﻧﻚ رﺣﻤﺔ ﺑﻨﻔﺴﻚ ﻳﺎ ﺟﺎﻫﻞ!
111,1,PENDING_NARRATION,-,added_to_pending_narration_buffer_1,12
112,1,PENDING_NARRATION,-,added_to_pending_narration_buffer_2,أدﻫﻢ
113,9,EM_DASH_NARRATOR,32,em_dash_detected | flushing_pending_narration_2_lines | created_narrator_segment_32,– إن ﻗﻄﻊ رأﳼ أﺣﺐ إﱄ ﱠ ﻣﻦ اﻟﻬﻮان!
114,14,COLON_DIALOGUE_START,34,colon_detected | split_at_colon_before=8_after=6 | split_narration_attribution_narration=5_attribution=3 | created_pre_dialogue_narration_33 | starting_dialogue_speaker=رﺿﻮان,ورﻓﻊ رﺿﻮان رأﺳﻪ ﻧﺤﻮ أﺑﻴﻪ وﻗﺎل ﺑﺮﻗﱠﺔ ٍﺑﺎﺳﻤﺔ: ﻧﺤﻦ ﺟﻤﻴﻌًﺎ أﺑﻨﺎؤك، وﻣﻦ ﺣﻘﻨﺎ أن
115,16,DIALOGUE_CONTINUATION,34,added_to_dialogue_34,ﻧﺤﺰن إذا اﻓﺘﻘﺪﻧﺎ رﺿﺎك ﻋﻨﺎ، واﻷﻣﺮ ﻟﻚ ﻋﲆ أي ﺣﺎل .. وﻏﺎﻳﺔ ﻣﺮاﻣﻨﺎ أن ﻧﻌﺮف اﻟﺴﺒﺐ.
116,14,COLON_DIALOGUE_START,36,colon_detected | closing_previous_dialogue | split_at_colon_before=12_after=2 | split_narration_attribution_narration=11_attribution=1 | created_pre_dialogue_narration_35 | starting_dialogue_speaker=اﻟﺠﺒﻼوي,وﻋﺪل اﻟﺠﺒﻼوي ﻋﻦ إدرﻳﺲ إﱃ رﺿﻮان، ﻣﺮوﱢﺿًﺎ ﻏﻀﺒﻪ ﻟﻐﺎﻳﺔ ﰲ ﻧﻔﺴﻪ، ﻓﻘﺎل: أدﻫﻢ ﻋﲆ
117,12,DIALOGUE_CONTINUATION,36,added_to_dialogue_36,دراﻳﺔ ﺑﻄﺒﺎع املﺴﺘﺄﺟﺮﻳﻦ، وﻳﻌﺮف أﻛﺜﺮﻫﻢ ﺑﺄﺳﻤﺎﺋﻬﻢ، ﺛﻢ إﻧﻪ ﻋﲆ ﻋﻠﻢ ﺑﺎﻟﻜﺘﺎﺑﺔ واﻟﺤﺴﺎب.
118,13,DIALOGUE_CONTINUATION,36,added_to_dialogue_36,وﻋﺠﺐ إدرﻳﺲ ﻣﻦ ﻗﻮل أﺑﻴﻪ ﻛﻤﺎ ﻋﺠﺐ إﺧﻮﺗﻪ. ﻣﺘﻰ ﻛﺎﻧﺖ ﻣﻌﺮﻓﺔ اﻷوﺷﺎب ﻣﻴﺰة
119,15,DIALOGUE_CONTINUATION,36,added_to_dialogue_36,ﻳﻔﻀﻞ ﻣﻦ أﺟﻠﻬﺎ إﻧﺴﺎن؟! ودﺧﻮل اﻟﻜُﺘﱠﺎب، أﻫﻮ ﻣﻴﺰة ٌأﺧﺮى؟! وﻫﻞ ﻛﺎﻧﺖ أم ﱡ أدﻫﻢ ﺗﺪﻓﻊ
120,15,COLON_DIALOGUE_START,37,colon_detected | closing_previous_dialogue | split_at_colon_before=13_after=2 | split_narration_attribution_narration=0_attribution=13 | starting_dialogue_speaker=إدرﻳﺲ,ﺑﻪ إﱃ اﻟﻜﺘﱠﺎب ﻟﻮﻻ ﻳﺄﺳﻬﺎ ﻣﻦ ﻓﻼﺣﻪ ﰲ دﻧﻴﺎ اﻟﻔﺘﻮﻧﺔ؟! وﺗﺴﺎءل إدرﻳﺲ ﻣﺘﻬﻜﻤًﺎ: أﺗﻜﻔﻲ ﻫﺬه
121,7,DIALOGUE_CONTINUATION,37,added_to_dialogue_37,اﻷﺳﺒﺎب ﻟﺘﱪﻳﺮ ﻣﺎ ﻳﺮاد ﺑﻲ ﻣﻦ ﻣﺬﻟﺔ؟
122,12,COLON_DIALOGUE_START,39,colon_detected | closing_previous_dialogue | split_at_colon_before=5_after=7 | split_narration_attribution_narration=4_attribution=1 | created_pre_dialogue_narration_38 | starting_dialogue_speaker=اﻟﺠﺒﻼوي,ﻓﺄﺷﺎر اﻟﺠﺒﻼوي ﻧﺤﻮه ﺑﻀﺠﺮ وﻗﺎل: ﻫﺬه إرادﺗﻲ، وﻣﺎ ﻋﻠﻴﻚ إﻻ اﻟﺴﻤﻊ واﻟﻄﺎﻋﺔ!
123,11,COLON_DIALOGUE_START,40,colon_detected | closing_previous_dialogue | split_at_colon_before=9_after=2 | split_narration_attribution_narration=0_attribution=9 | starting_dialogue_speaker=إدرﻳﺲ,واﻟﺘﻔﺖ اﻟﺮﺟﻞ اﻟﺘﻔﺎﺗﺔ ًﺣﺎدة ﺻﻮب أﺷﻘﺎء إدرﻳﺲ وﻫﻮ ﻳﺴﺄل: ﻣﺎ ﻗﻮﻟﻜﻢ؟
124,10,COLON_DIALOGUE_START,42,colon_detected | closing_previous_dialogue | split_at_colon_before=8_after=2 | split_narration_attribution_narration=5_attribution=3 | created_pre_dialogue_narration_41 | starting_dialogue_speaker=ﻋﺒﺎس,ﻓﻠﻢ ﻳﺤﺘﻤﻞ ﻋﺒﺎس ﻧﻈﺮة أﺑﻴﻪ، وﻗﺎل وﻫﻮ واﺟﻢ: ﺳﻤﻌًﺎ وﻃﺎﻋﺔ.
125,11,COLON_DIALOGUE_START,43,colon_detected | closing_previous_dialogue | split_at_colon_before=1_after=10 | split_narration_attribution_narration=0_attribution=1 | starting_dialogue_speaker=Unknown,ﻃﺮﻓﻪ: أﻣﺮك ﻳﺎ أﺑﻲ. ﱡ وﴎﻋﺎن ﻣﺎ ﻗﺎل ﺟﻠﻴﻞ وﻫﻮ ﻳﻐﺾ
126,9,COLON_DIALOGUE_START,44,colon_detected | closing_previous_dialogue | split_at_colon_before=6_after=3 | split_narration_attribution_narration=0_attribution=6 | starting_dialogue_speaker=رﺿﻮان,وﻗﺎل رﺿﻮان وﻫﻮ ﻳﺰدرد رﻳﻘﻪ اﻟﺠﺎف: ﻋﲆ اﻟﻌني واﻟﺮأس.
127,13,COLON_DIALOGUE_START,45,colon_detected | closing_previous_dialogue | split_at_colon_before=13_after=0 | split_narration_attribution_narration=0_attribution=13 | starting_dialogue_speaker=إدرﻳﺲ,ﻋﻨﺪ ذاك ﺿﺤﻚ إدرﻳﺲ ﺿﺤﻜﺔ ﻏﻀﺐ ﺗﻘﻠﺼﺖ ﻟﻬﺎ أﺳﺎرﻳﺮه ﺣﺘﻰ ﻗﺒﱠﺤﺖ وﺟﻬﻪ وﻫﺘﻒ:
128,14,DIALOGUE_CONTINUATION,45,added_to_dialogue_45,ﻳﺎ ﺟﺒﻨﺎء، ﻣﺎ ﺗﻮﻗﻌﺖ ﻣﻨﻜﻢ إﻻ اﻟﻬﺰﻳﻤﺔ املﺰرﻳﺔ. وﺑﺎﻟﺠﺒﻦ ﻳﺘﺤﻜﻢ ﻓﻴﻜﻢ اﺑﻦ اﻟﺠﺎرﻳﺔ اﻟﺴﻮداء!
129,9,COLON_DIALOGUE_START,46,colon_detected | closing_previous_dialogue | split_at_colon_before=8_after=1 | split_narration_attribution_narration=0_attribution=8 | starting_dialogue_speaker=اﻟﺠﺒﻼوي,ﻓﺼﺎح اﻟﺠﺒﻼوي ﻣُﻘﻄﱢﺒًﺎ ﻋﻦ ﻋﻴﻨَني ﺗﺘﻄﺎﻳﺮ ﻣﻨﻬﻤﺎ اﻟﻨﺬر: إدرﻳﺲ!
130,14,COLON_DIALOGUE_START,48,colon_detected | closing_previous_dialogue | split_at_colon_before=9_after=5 | split_narration_attribution_narration=7_attribution=2 | created_pre_dialogue_narration_47 | starting_dialogue_speaker=Unknown,وﻟﻜﻦ اﻟﻐﻀﺐ ﻛﺎن ﻗﺪ اﻗﺘﻠﻊ ﺟﺬور ﻋﻘﻠﻪ ﻓﺼﺎح ﺑﺪوره: ﻣﺎ أﻫﻮن اﻷﺑﻮة ﻋﻠﻴﻚ! ﺧﻠﻘﺖ
131,15,DIALOGUE_CONTINUATION,48,added_to_dialogue_48,ﻓﺘﻮة ًﺟﺒﺎرًا ﻓﻠﻢ ﺗﻌﺮف إﻻ أن ﺗﻜﻮن ﻓﺘﻮة ًﺟﺒﺎرًا، وﻧﺤﻦ أﺑﻨﺎءك ﺗﻌﺎﻣﻠﻨﺎ ﻛﻤﺎ ﺗﻌﺎﻣﻞ ﺿﺤﺎﻳﺎك
132,1,DIALOGUE_CONTINUATION,48,added_to_dialogue_48,اﻟﻌﺪﻳﺪﻳﻦ!
133,12,DIALOGUE_CONTINUATION,48,added_to_dialogue_48,اﻗﱰب اﻟﺠﺒﻼوي ﺧﻄﻮﺗَني ﰲ ﺑﻂء ﻛﺎﻟﺘﻮﺛﺐ، وﻗﺎل ﺑﺼﻮت ٍﻣﻨﺨﻔﺾ وﻗﺪ أﻧﺬرت أﺳﺎرﻳﺮه
134,4,COLON_DIALOGUE_START,49,colon_detected | closing_previous_dialogue | split_at_colon_before=2_after=2 | split_narration_attribution_narration=0_attribution=2 | starting_dialogue_speaker=Unknown,املﻨﻘﺒﻀﺔ ﺑﺎﻟﴩ: اﻗﻄﻊ ﻟﺴﺎﻧﻚ!
135,14,COLON_DIALOGUE_START,50,colon_detected | closing_previous_dialogue | split_at_colon_before=5_after=9 | split_narration_attribution_narration=0_attribution=5 | starting_dialogue_speaker=إدرﻳﺲ,وﻟﻜﻦ إدرﻳﺲ واﺻﻞ ﺻﻴﺎﺣﻪ ﻗﺎﺋﻼً: ﻟﻦ ﺗﺮﻋﺒﻨﻲ. أﻧﺖ ﺗﻌﻠﻢ أﻧﻨﻲ ﻻ أرﺗﻌﺐ، وأﻧﻚ إذا
136,12,DIALOGUE_CONTINUATION,50,added_to_dialogue_50,أردت أن ﺗﺮﻓﻊ اﺑﻦ اﻟﺠﺎرﻳﺔ ﻋﲇ ﱠ ﻓﻠﻦ أُﺳﻤِﻌﻚ ﻟﺤﻦ اﻟﺴﻤﻊ واﻟﻄﺎﻋﺔ.
137,7,EM_DASH_NARRATOR,51,em_dash_detected | closing_previous_dialogue | created_narrator_segment_51,– أﻻ ﺗﺪرك ﻋﺎﻗﺒﺔ اﻟﺘﺤﺪي ﻳﺎ ﻣﻠﻌﻮن؟
138,5,EM_DASH_NARRATOR,52,em_dash_detected | created_narrator_segment_52,– املﻠﻌﻮن ﺣﻘٍّﺎ اﺑﻦ اﻟﺠﺎرﻳﺔ!
139,13,COLON_DIALOGUE_START,53,colon_detected | split_at_colon_before=6_after=7 | split_narration_attribution_narration=0_attribution=6 | starting_dialogue_speaker=Unknown,ﻓﻌَﻠﺖ ﻧﱪات اﻟﺮﺟﻞ واﺧﺸﻮﺷﻨﺖ وﻫﻮ ﻳﻘﻮل: إﻧﻬﺎ زوﺟﺘﻲ ﻳﺎ ﻋﺮﺑﻴﺪ، ﻓﺘﺄدﱠب وإﻻ ﺳﻮﻳﺖ
140,2,DIALOGUE_CONTINUATION,53,added_to_dialogue_53,ﺑﻚ اﻷرض!
141,1,DIALOGUE_CONTINUATION,53,added_to_dialogue_53,13
142,2,DIALOGUE_CONTINUATION,53,added_to_dialogue_53,أوﻻد ﺣﺎرﺗﻨﺎ
143,13,DIALOGUE_CONTINUATION,53,added_to_dialogue_53,وﻓﺰع اﻹﺧﻮة وأوﻟﻬﻢ أدﻫﻢ؛ ﻟﺪراﻳﺘﻬﻢ ﺑﺒﻄﺶ أﺑﻴﻬﻢ اﻟﺠﺒﺎر، وﻟﻜﻦ إدرﻳﺲ ﻛﺎن ﻗﺪ ﺑﻠﻎ
144,15,COLON_DIALOGUE_START,55,colon_detected | closing_previous_dialogue | split_at_colon_before=14_after=1 | split_narration_attribution_narration=13_attribution=1 | created_pre_dialogue_narration_54 | starting_dialogue_speaker=Unknown,ﻣﻦ اﻟﻐﻀﺐ درﺟﺔ ﻟﻢ ﻳﻌﺪ ﻳﺪرك ﻣﻌﻬﺎ ﺧﻄﺮًا ﻛﺄﻧﻪ ﻣﺠﻨﻮن ﻳﻬﺎﺟﻢ ﻧﺎرًا ﻣﻨﺪﻟﻌﺔ، ﻓﺼﺎح: إﻧﻚ
145,15,DIALOGUE_CONTINUATION,55,added_to_dialogue_55,ﺗﺒﻐﻀﻨﻲ، ﻟﻢ أﻛﻦ أﻋﻠﻢ ﻫﺬا، وﻟﻜﻨﻚ ﺗﺒﻐﻀﻨﻲ دون رﻳﺐ، ﻟﻌﻞ اﻟﺠﺎرﻳﺔ ﻫﻲ اﻟﺘﻲ ﺑﻐﱠ ﻀﺘﻨﺎ
146,13,DIALOGUE_CONTINUATION,55,added_to_dialogue_55,إﻟﻴﻚ، ﺳﻴﺪ اﻟﺨﻼء وﺻﺎﺣﺐ اﻷوﻗﺎف واﻟﻔﺘﻮة اﻟﺮﻫﻴﺐ، وﻟﻜﻦ ﺟﺎرﻳﺔ ًاﺳﺘﻄﺎﻋﺖ أن ﺗﻌﺒﺚ ﺑﻚ،
147,9,DIALOGUE_CONTINUATION,55,added_to_dialogue_55,وﻏﺪًا ﻳﺘﺤﺪث ﻋﻨﻚ اﻟﻨﺎس ﺑﻜﻞ ﻋﺠﻴﺒﺔ ﻳﺎ ﺳﻴﺪ اﻟﺨﻼء.
148,7,EM_DASH_NARRATOR,56,em_dash_detected | closing_previous_dialogue | created_narrator_segment_56,– ﻗﻠﺖ ﻟﻚ اﻗﻄﻊ ﻟﺴﺎﻧﻚ ﻳﺎ ﻣﻠﻌﻮن.
149,14,EM_DASH_NARRATOR,57,em_dash_detected | created_narrator_segment_57,– ﻻ ﺗﺴﺒﱠﻨﻲ ﻣﻦ أﺟﻞ أدﻫﻢ، ﻃﻮب اﻷرض ﻳﺄﺑﻰ ذﻟﻚ وﻳﻠﻌﻨﻪ، وﻗﺮارك اﻟﻐﺮﻳﺐ ﺳﻴﺠﻌﻠﻨﺎ
150,3,PENDING_NARRATION,-,added_to_pending_narration_buffer_1,أﺣﺪوﺛﺔ اﻷﺣﻴﺎء واﻟﺤﻮاري!
151,13,COLON_DIALOGUE_START,59,colon_detected | split_at_colon_before=9_after=4 | pending_narration_1_lines_3_words | prepended_all_pending_to_attribution | split_narration_attribution_narration=3_attribution=9 | created_pre_dialogue_narration_58 | starting_dialogue_speaker=اﻟﺠﺒﻼوي,ﻓﺼﺎح اﻟﺠﺒﻼوي ﺑﺼﻮت ٍﺻﻚ ﱠ اﻷﺳﻤﺎع ﰲ اﻟﺤﺪﻳﻘﺔ واﻟﺤﺮﻳﻢ: اﻏﺮب ﺑﻌﻴﺪًا ﻋﻦ وﺟﻬﻲ!
152,9,EM_DASH_NARRATOR,60,em_dash_detected | closing_previous_dialogue | created_narrator_segment_60,– ﻫﺬا ﺑﻴﺘﻲ، ﻓﻴﻪ أﻣﻲ، وﻫﻲ ﺳﻴﺪﺗﻪ دون ﻣﻨﺎزع.
153,9,EM_DASH_NARRATOR,61,em_dash_detected | created_narrator_segment_61,– ﻟﻦ ﺗُﺮى ﻓﻴﻪ ﺑﻌﺪ اﻟﻴﻮم، وإﱃ اﻷﺑﺪ …
154,13,PENDING_NARRATION,-,added_to_pending_narration_buffer_1,ٌواﻛﻔﻬﺮ ﱠ اﻟﻮﺟﻪ اﻟﻜﺒري ﺣﺘﻰ ﺣﺎﻛﻰ ﻟﻮﻧﻪ اﻟﻨﻴﻞ ﰲ اﺣﺘﺪام ﻓﻴﻀﺎﻧﻪ، وﺗﺤﺮك ﺻﺎﺣﺒﻪ
155,15,PENDING_NARRATION,-,added_to_pending_narration_buffer_2,ﻛﺎﻟﺒﻨﻴﺎن، ﻣﻜﻮﱢرًا ﻗﺒﻀﺔ ﻣﻦ ﺻﻮان، وأﻳﻘﻦ اﻟﺠﻤﻴﻊ أن إدرﻳﺲ ﻗﺪ اﻧﺘﻬﻰ، ﻣﺎ ﻫﻮ إﻻ ﻣﺄﺳﺎة
156,15,PENDING_NARRATION,-,added_to_pending_narration_buffer_3,ﺟﺪﻳﺪة ﻣﻦ املﺂﳼ اﻟﺘﻲ ﻳﺸﻬﺪﻫﺎ ﻫﺬا اﻟﺒﻴﺖ ﺻﺎﻣﺘًﺎ. ﻛﻢ ﻣﻦ ﺳﻴﺪة ٍﻣﺼﻮﻧﺔ ﺗﺤﻮﱠﻟﺖ ﺑﻜﻠﻤﺔ إﱃ
157,14,PENDING_NARRATION,-,added_to_pending_narration_buffer_4,ﻣﺘﺴﻮﻟﺔ ٍﺗﻌﻴﺴﺔ! وﻛﻢ ﻣﻦ رﺟﻞ ﻏﺎدره ﺑﻌﺪ ﺧﺪﻣﺔ ٍﻃﻮﻳﻠﺔ ﻣﱰﻧﺤًﺎ ﻳﺤﻤﻞ ﻋﲆ ﻇﻬﺮه اﻟﻌﺎري
158,13,PENDING_NARRATION,-,added_to_pending_narration_buffer_5,آﺛﺎر ﺳﻴﺎط ﺣﻤﻠﺖ أﻃﺮاﻓﻬﺎ ﺑﺎﻟﺮﺻﺎص واﻟﺪم ﻳﻄﻔﺢ ﻣﻦ ﻓﻴﻪ وأﻧﻔﻪ. واﻟﺮﻋﺎﻳﺔ اﻟﺘﻲ ﺗﺤﻮط
159,17,PENDING_NARRATION,-,added_to_pending_narration_buffer_6,اﻟﺠﻤﻴﻊ ﻋﻨﺪ اﻟﺮﺿﺎ ﻻ ﺗﺸﻔﻊ ﻷﺣﺪ وإن ﻋﺰ ﱠ ﺟﺎﻧﺒﻪ ﻋﻨﺪ اﻟﻐﻀﺐ. ﻟﻬﺬا أﻳﻘﻦ اﻟﺠﻤﻴﻊ أن إدرﻳﺲ
160,14,PENDING_NARRATION,-,added_to_pending_narration_buffer_7,ﻗﺪ اﻧﺘﻬﻰ. ﺣﺘﻰ إدرﻳﺲ ﺑﻜﺮي اﻟﻮاﻗﻒ وﻣﺜﻴﻠﻪ ﰲ اﻟﻘﻮة واﻟﺠﻤﺎل ﻗﺪ اﻧﺘﻬﻰ. وﺗﻘﺪم اﻟﺠﺒﻼوي
161,18,COLON_DIALOGUE_START,63,colon_detected | split_at_colon_before=4_after=14 | pending_narration_7_lines_101_words | flushing_pending_as_segment_62 | kept_last_pending_line_for_attribution | split_narration_attribution_narration=0_attribution=18 | starting_dialogue_speaker=اﻟﺠﺒﻼوي,ﺧﻄﻮﺗَني أﺧﺮﻳَني وﻫﻮ ﻳﻘﻮل: ﻻ أﻧﺖ اﺑﻨﻲ وﻻ أﻧﺎ أﺑﻮك، وﻻ ﻫﺬا اﻟﺒﻴﺖ ﺑﻴﺘﻚ، وﻻ أم ﻟﻚ ﻓﻴﻪ
162,13,DIALOGUE_CONTINUATION,63,added_to_dialogue_63,وﻻ أخ وﻻ ﺗﺎﺑﻊ، أﻣﺎﻣﻚ اﻷرض اﻟﻮاﺳﻌﺔ ﻓﺎذﻫﺐ ﻣﺼﺤﻮﺑًﺎ ﺑﻐﻀﺒﻲ وﻟﻌﻨﺘﻲ، وﺳﺘﻌﻠﻤﻚ اﻷﻳﺎم
163,10,DIALOGUE_CONTINUATION,63,added_to_dialogue_63,ﺣﻘﻴﻘﺔ ﻗﺪرك وأﻧﺖ ﺗﻬﻴﻢ ﻋﲆ وﺟﻬﻚ ﻣﺤﺮوﻣًﺎ ﻣﻦ ﻋﻄﻔﻲ ورﻋﺎﻳﺘﻲ!
164,10,COLON_DIALOGUE_START,64,colon_detected | closing_previous_dialogue | split_at_colon_before=6_after=4 | split_narration_attribution_narration=0_attribution=6 | starting_dialogue_speaker=إدرﻳﺲ,ﻓﴬب إدرﻳﺲ اﻟﺒﺴﺎط اﻟﻔﺎرﳼ ﺑﻘﺪﻣﻪ وﺻﺎح: ﻫﺬا ﺑﻴﺘﻲ، وﻟﻦ أﻏﺎدره!
165,14,DIALOGUE_CONTINUATION,64,added_to_dialogue_64,ﻋﻠﻴﻪ اﻷب ﻗﺒﻞ أن ﻳﺘﱠﻘﻴﻪ، وﻗﺒﺾ ﻋﲆ ﻣﻨﻜﺒﻪ ﺑﻘﺒﻀﺔ ﻛﺎملﻌﴫة، ودﻓﻌﻪ أﻣﺎﻣﻪ ﱠ ﻓﺎﻧﻘﺾ
166,13,DIALOGUE_CONTINUATION,64,added_to_dialogue_64,واﻵﺧﺮ ﻳﱰاﺟﻊ ﻣﺘﻘﻬﻘﺮًا، ﻓﻌﱪا ﺑﺎب اﻟﺴﻼﻣﻠﻚ، وﻫﺒﻄﺎ اﻟﺴﻠﻢ وإدرﻳﺲ ﻳﺘﻌﺜﺮ، ﺛﻢ اﺧﱰق ﺑﻪ
167,12,DIALOGUE_CONTINUATION,64,added_to_dialogue_64,ﻣﻤﺮٍّا ﺗﻜﺘﻨﻔﻪ ﺷﺠريات اﻟﻮرد واﻟﺤﻨﺎء ﻣﻔﺮوﺷًﺎ ﺑﺎﻟﻴﺎﺳﻤني ﺣﺘﻰ اﻟﺒﻮاﺑﺔ اﻟﻜﺒرية ﻓﺪﻓﻌﻪ ﺧﺎرﺟًﺎ
168,16,COLON_DIALOGUE_START,65,colon_detected | closing_previous_dialogue | split_at_colon_before=10_after=6 | split_narration_attribution_narration=0_attribution=10 | starting_dialogue_speaker=Unknown,وأﻏﻠﻖ اﻟﺒﺎب. وﺻﺎح ﺑﺼﻮت ٍﺳﻤﻌﻪ ﻛﻞ ﻣﻦ ﻳﻘﻴﻢ ﰲ اﻟﺒﻴﺖ: اﻟﻬﻼك ملﻦ ﻳﺴﻤﺢ ﻟﻪ ﺑﺎﻟﻌﻮدة أو
169,2,DIALOGUE_CONTINUATION,65,added_to_dialogue_65,ﻳﻌﻴﻨﻪ ﻋﻠﻴﻬﺎ!
170,13,COLON_DIALOGUE_START,66,colon_detected | closing_previous_dialogue | split_at_colon_before=9_after=4 | split_narration_attribution_narration=0_attribution=9 | starting_dialogue_speaker=Unknown,ورﻓﻊ رأﺳﻪ ﺻﻮب ﻧﻮاﻓﺬ اﻟﺤﺮﻳﻢ املﻐﻠﻘﺔ وﺻﺎح ﻣﺮة ًأﺧﺮى: وﻃﺎﻟﻘﺔ ﺛﻼﺛًﺎ ﻣﻦ ﺗﺠﱰئ
171,2,DIALOGUE_CONTINUATION,66,added_to_dialogue_66,ﻋﲆ ﻫﺬا!
172,1,DIALOGUE_CONTINUATION,66,added_to_dialogue_66,14
173,1,DIALOGUE_CONTINUATION,66,added_to_dialogue_66,أدﻫﻢ
174,1,DIALOGUE_CONTINUATION,66,added_to_dialogue_66,٢
175,16,DIALOGUE_CONTINUATION,66,added_to_dialogue_66,ﻣﻨﺬ ذﻟﻚ اﻟﻴﻮم اﻟﻜﺌﻴﺐ وأدﻫﻢ ﻳﺬﻫﺐ ﻛﻞ ﺻﺒﺎح إﱃ إدارة اﻟﻮﻗﻒ ﰲ املﻨﻈﺮة اﻟﻮاﻗﻌﺔ إﱃ ﻳﻤني
176,13,DIALOGUE_CONTINUATION,66,added_to_dialogue_66,ﺑﺎب اﻟﺒﻴﺖ اﻟﻜﺒري. وﻋﻤﻞ ﺑﻬﻤﺔ ﰲ ﺗﺤﺼﻴﻞ أﺟﻮر اﻷﺣﻜﺎر وﺗﻮزﻳﻊ أﻧﺼﺒﺔ املﺴﺘﺤﻘني وﺗﻘﺪﻳﻢ
177,14,DIALOGUE_CONTINUATION,66,added_to_dialogue_66,اﻟﺤﺴﺎب إﱃ أﺑﻴﻪ. وأﺑﺪى ﰲ ﻣﻌﺎﻣﻠﺔ املﺴﺘﺄﺟﺮﻳﻦ ﻟﺒﺎﻗﺔ وﺳﻴﺎﺳﺔ، ﻓﺮﺿﻮا ﻋﻨﻪ ﻋﲆ رﻏﻢ ﻣﺎ
178,15,DIALOGUE_CONTINUATION,66,added_to_dialogue_66,ﻋُﺮِف ﻋﻨﻬﻢ ﻣﻦ ﻣﺸﺎﻛﺴﺔ وﻓﻈﺎﻇﺔ، وﻛﺎﻧﺖ ﴍوط اﻟﻮاﻗﻒ ﴎٍّا ﻻ ﻳﺪري ﺑﻪ أﺣﺪ ﺳﻮى اﻷب،
179,15,DIALOGUE_CONTINUATION,66,added_to_dialogue_66,ﻓﺒﻌﺚ اﺧﺘﻴﺎر أدﻫﻢ ﻟﻺدارة اﻟﺨﻮف أن ﻳﻜﻮن ﻫﺬا ﻣﻘﺪﻣﺔ ﻹﻳﺜﺎره ﰲ اﻟﻮﺻﻴﺔ. واﻟﺤﻖ أﻧﻪ ﻟﻢ
180,18,DIALOGUE_CONTINUATION,66,added_to_dialogue_66,ﻳﺒﺪ ُﻣﻦ اﻷب ﻗﺒﻞ ذﻟﻚ اﻟﻴﻮم ﻣﺎ ﻳﻨﻢ ﱡ ﻋﻦ اﻟﺘﺤﻴﱡﺰ ﰲ ﻣﻌﺎﻣﻠﺘﻪ ﻷﺑﻨﺎﺋﻪ. وﻋﺎش اﻹﺧﻮة ﰲ وﺋﺎم
181,14,DIALOGUE_CONTINUATION,66,added_to_dialogue_66,واﻧﺴﺠﺎم ﺑﻔﻀﻞ ﻣﻬﺎﺑﺔ اﻷب وﻋﺪاﻟﺘﻪ، ﺣﺘﻰ إدرﻳﺲ — ﻋﲆ ﻗﻮﱠﺗﻪ وﺟﻤﺎﻟﻪ وإﴎاﻓﻪ أﺣﻴﺎﻧًﺎ ﰲ
182,17,DIALOGUE_CONTINUATION,66,added_to_dialogue_66,اﻟﻠﻬﻮ — ﻟﻢ ﻳﺴﺊ ﻗﺒﻞ ذﻟﻚ اﻟﻴﻮم إﱃ أﺣﺪ ﻣﻦ إﺧﻮﺗﻪ. ﻛﺎن ﺷﺎﺑٍّﺎ ﻛﺮﻳﻤًﺎ ﺣﻠﻮ املﻌﴩ ﺣﺎﺋﺰًا
183,12,DIALOGUE_CONTINUATION,66,added_to_dialogue_66,اﻟﻮد واﻹﻋﺠﺎب. وﻟﻌﻞ اﻷﺷﻘﺎء اﻷرﺑﻌﺔ ﻛﺎﻧﻮا ﻳﻀﻤﺮون ﻷدﻫﻢ ﺷﻴﺌًﺎ ﻣﻦ اﻹﺣﺴﺎس ﺑﺎﻟﻔﺎرق
184,18,DIALOGUE_CONTINUATION,66,added_to_dialogue_66,ﺑﻴﻨﻬﻢ وﺑﻴﻨﻪ، وﻟﻜﻦ أﺣﺪًا ﻣﻨﻬﻢ ﻟﻢ ﻳﻌﻠﻦ ﻫﺬا وﻻ اﺷﺘُﻢ ﱠ ﻣﻨﻪ ﰲ ﻛﻠﻤﺔ أو إﺷﺎرة أو ﺳﻠﻮك.
185,15,DIALOGUE_CONTINUATION,66,added_to_dialogue_66,وﻟﻌﻞ أدﻫﻢ ﻛﺎن أﺷﺪ إﺣﺴﺎﺳًﺎ ﻣﻨﻬﻢ ﺑﻬﺬا اﻟﻔﺎرق، وﻟﻌﻠﻪ ﻗﺎرن ﻛﺜريًا ﺑني ﻟﻮﻧﻬﻢ املﴤء وﻟﻮﻧﻪ
186,15,DIALOGUE_CONTINUATION,66,added_to_dialogue_66,اﻷﺳﻤﺮ، ﺑني ﻗﻮﱠﺗﻬﻢ ورﻗﱠﺘﻪ، ﺑني ﺳﻤﻮ أﻣﻬﻢ ووﺿﺎﻋﺔ أﻣﻪ، وﻟﻌﻠﻪ ﻋﺎﻧﻰ ﻣﻦ ذﻟﻚ أﳻ ًﻣﻜﺘﻮﻣًﺎ
187,14,DIALOGUE_CONTINUATION,66,added_to_dialogue_66,وأملًﺎ دﻓﻴﻨًﺎ، وﻟﻜﻦ ﺟﻮ اﻟﺒﻴﺖ املﻌﺒﱠﻖ ﺑﺸﺬا اﻟﺮﻳﺎﺣني، اﻟﺨﺎﺿﻊ ﻟﻘﻮة اﻷب وﺣﻜﻤﺘﻪ، ﻟﻢ ﻳﺴﻤﺢ
188,9,DIALOGUE_CONTINUATION,66,added_to_dialogue_66,ﻟﺸﻌﻮر ٍﺳﻴﺊ ﺑﺎﻻﺳﺘﻘﺮار ﰲ ﻧﻔﺴﻪ، ﻓﻨﺸﺄ ﺻﺎﰲ اﻟﻘﻠﺐ واﻟﻌﻘﻞ.
189,15,COLON_DIALOGUE_START,67,colon_detected | closing_previous_dialogue | split_at_colon_before=8_after=7 | split_narration_attribution_narration=0_attribution=8 | starting_dialogue_speaker=أدﻫﻢ,وﻗﺎل أدﻫﻢ ﻷﻣﻪ ﻗُﺒﻴﻞ ذﻫﺎﺑﻪ إﱃ إدارة اﻟﻮﻗﻒ: ﺑﺎرﻛﻴﻨﻲ ﻳﺎ أﻣﻲ، ﻓﻤﺎ ﻫﺬا اﻟﻌﻤﻞ اﻟﺬي
190,9,DIALOGUE_CONTINUATION,67,added_to_dialogue_67,ﻋُﻬﺪ ﺑﻪ إﱄ ﱠ إﻻ اﻣﺘﺤﺎن ٌﺷﺪﻳﺪ ﱄ وﻟﻚِ.
191,14,COLON_DIALOGUE_START,68,colon_detected | closing_previous_dialogue | split_at_colon_before=3_after=11 | split_narration_attribution_narration=0_attribution=3 | starting_dialogue_speaker=Unknown,ﻓﻘﺎﻟﺖ اﻷم ﺑﴬاﻋﺔ: ﻟﻴﻜﻦ اﻟﺘﻮﻓﻴﻖ ﻇﻠﻚ ﻳﺎ ﺑﻨﻲﱠ ، أﻧﺖ وﻟﺪ ٌﻃﻴﱢﺐ واﻟﻌﻘﺒﻰ ﻟﻠﻄﻴﺒني.
192,12,DIALOGUE_CONTINUATION,68,added_to_dialogue_68,وﻣﴣ أدﻫﻢ إﱃ املﻨﻈﺮة ﺗﺮﻣﻘﻪ اﻟﻌﻴﻮن ﻣﻦ اﻟﺴﻼﻣﻠﻚ واﻟﺤﺪﻳﻘﺔ وﻣﻦ وراء اﻟﻨﻮاﻓﺬ،
193,15,DIALOGUE_CONTINUATION,68,added_to_dialogue_68,وﺟﻠﺲ ﻋﲆ ﻣﻘﻌﺪ ﻧﺎﻇﺮ اﻟﻮﻗﻒ وﺑﺪأ ﻋﻤﻠﻪ. وﻛﺎن ﻋﻤﻠﻪ أﺧﻄﺮ ﻧﺸﺎط ٍإﻧﺴﺎﻧﻲ ﻳُﺰاوَل ﰲ ﺗﻠﻚ
194,13,DIALOGUE_CONTINUATION,68,added_to_dialogue_68,اﻟﺒﻘﻌﺔ اﻟﺼﺤﺮاوﻳﺔ ﻣﺎ ﺑني املﻘﻄﻢ ﴍﻗًﺎ واﻟﻘﺎﻫﺮة اﻟﻘﺪﻳﻤﺔ ﻏﺮﺑًﺎ. واﺗﺨﺬ أدﻫﻢ ﻣﻦ اﻷﻣﺎﻧﺔ
195,15,DIALOGUE_CONTINUATION,68,added_to_dialogue_68,ﺷﻌﺎرًا، وﺳﺠﻞ ﻛﻞ ﻣﻠﻴﻢ ﰲ اﻟﺪﻓﱰ ﻷول ﻣﺮة ﰲ ﺗﺎرﻳﺦ اﻟﻮﻗﻒ. وﻛﺎن ﻳُﺴﻠﱢﻢ إﺧﻮﺗﻪ رواﺗﺒﻬﻢ
196,15,COLON_DIALOGUE_START,69,colon_detected | closing_previous_dialogue | split_at_colon_before=13_after=2 | split_narration_attribution_narration=0_attribution=13 | starting_dialogue_speaker=Unknown,ﰲ أدب ﻳُﻨﺴﻴﻬﻢ ﻣﺮارة اﻟﺤﻨﻖ، ﺛﻢ ﻳﻘﺼﺪ أﺑﺎه ﺑﺤﺼﻴﻠﺔ اﻷﻣﻮال. وﺳﺄﻟﻪ أﺑﻮه ﻳﻮﻣًﺎ: ﻛﻴﻒ ﺗﺠﺪ
197,3,DIALOGUE_CONTINUATION,69,added_to_dialogue_69,اﻟﻌﻤﻞ ﻳﺎ أدﻫﻢ؟
198,15,COLON_DIALOGUE_START,70,colon_detected | closing_previous_dialogue | split_at_colon_before=3_after=12 | split_narration_attribution_narration=0_attribution=3 | starting_dialogue_speaker=أدﻫﻢ,ﻓﻘﺎل أدﻫﻢ ﺑﺨﺸﻮع: ﻣﺎ دﻣﺖ َﻗﺪ ﻋﻬﺪت َﺑﻪ إﱄ ﱠ ﻓﻬﻮ أﻋﻈﻢ ﻣﺎ ﰲ ﺣﻴﺎﺗﻲ.
199,14,DIALOGUE_CONTINUATION,70,added_to_dialogue_70,ﻓﺸﺎﻋﺖ ﰲ اﻟﻮﺟﻪ اﻟﻌﻈﻴﻢ اﻟﺒﺸﺎﺷﺔ؛ إذ إﻧﻪ ﻋﲆ ﺟﱪوﺗﻪ ﻛﺎن ﻳﺴﺘﺨﻔﻪ ﻃﺮب اﻟﺜﻨﺎء. وﻛﺎن
200,14,DIALOGUE_CONTINUATION,70,added_to_dialogue_70,أدﻫﻢ ﻳﺤﺐ ﻣﺠﻠﺴﻪ، وإذا ﺟﻠﺲ إﻟﻴﻪ اﺧﺘﻠﺲ ﻣﻨﻪ ﻧﻈﺮات اﻹﻋﺠﺎب واﻟﺤﺐ. وﻛﻢ ﻛﺎن ﻳﺴﻌﺪه
201,14,DIALOGUE_CONTINUATION,70,added_to_dialogue_70,أن ﻳﺘﺎﺑﻊ أﺣﺎدﻳﺜﻪ وﻫﻮ ﻳﺮوي — ﻟﻪ وﻹﺧﻮﺗﻪ — ﺣﻜﺎﻳﺎت اﻟﺰﻣﺎن اﻷول، وﻣﻐﺎﻣﺮات اﻟﻔﺘﻮة
202,1,DIALOGUE_CONTINUATION,70,added_to_dialogue_70,15
203,2,DIALOGUE_CONTINUATION,70,added_to_dialogue_70,أوﻻد ﺣﺎرﺗﻨﺎ
204,15,DIALOGUE_CONTINUATION,70,added_to_dialogue_70,واﻟﺸﺒﺎب، إذ ﻫﻮ ﻳﻨﻄﻠﻖ ﰲ ﺗﻠﻚ اﻟﺒﻘﺎع ﻣﻠﻮﱢﺣًﺎ ﺑﻨﺒﱡﻮﺗﻪ املﺨﻴﻒ ﻏﺎزﻳًﺎ ﻛﻞ ﻣﻮﺿﻊ ﺗﻄﺆه ﻗﺪﻣﺎه.
205,14,DIALOGUE_CONTINUATION,70,added_to_dialogue_70,وﺑﻌﺪ ﻃﺮد إدرﻳﺲ ﻇﻞ ﻋﺒﺎس ورﺿﻮان وﺟﻠﻴﻞ ﻋﲆ ﻋﺎدﺗﻬﻢ ﻣﻦ اﻻﺟﺘﻤﺎع ﻓﻮق ﺳﻄﺢ اﻟﺒﻴﺖ،
206,14,DIALOGUE_CONTINUATION,70,added_to_dialogue_70,ﻳﺄﻛﻠﻮن وﻳﴩﺑﻮن وﻳﻘﺎﻣﺮون. أﻣﺎ أدﻫﻢ ﻓﻠﻢ ﻳﻜﻦ ﻳﻄﻴﺐ ﻟﻪ اﻟﺠﻠﻮس إﻻ ﰲ اﻟﺤﺪﻳﻘﺔ؛ ﻛﺎن
207,13,DIALOGUE_CONTINUATION,70,added_to_dialogue_70,ﻋﺎﺷﻘًﺎ ﻟﻠﺤﺪﻳﻘﺔ ﻣﻨﺬ درج، وﻛﺎن ﻋﺎﺷﻘًﺎ ﻟﻠﻨﺎي. وﻻزﻣﺘﻪ ﺗﻠﻚ اﻟﻌﺎدة ﺑﻌﺪ اﺿﻄﻼﻋﻪ ﺑﺸﺌﻮن
208,18,DIALOGUE_CONTINUATION,70,added_to_dialogue_70,اﻟﻮﻗﻒ وإن ﻟﻢ ﺗﻌﺪ ﺗﺴﺘﺄﺛﺮ ﺑﺠُﻞ ﱢ وﻗﺘﻪ. ﻓﻜﺎن إذا ﻓﺮغ ﻣﻦ ﻋﻤﻠﻪ ﰲ اﻟﻮﻗﻒ اﻓﱰش ﺳﺠﺎدة ﻋﲆ
209,14,DIALOGUE_CONTINUATION,70,added_to_dialogue_70,ﺣﺎﻓﺔ ﺟﺪول، وأﺳﻨﺪ ﻇﻬﺮه إﱃ ﺟﺬع ﻧﺨﻠﺔ أو ﺟﻤﻴﺰة، أو اﺳﺘﻠﻘﻰ ﺗﺤﺖ ﻋﺮﻳﺸﺔ اﻟﻴﺎﺳﻤني،
210,15,DIALOGUE_CONTINUATION,70,added_to_dialogue_70,وراح ﻳﺮﻧﻮ إﱃ اﻟﻌﺼﺎﻓري، وﻣﺎ أﻛﺜﺮ اﻟﻌﺼﺎﻓري! أو ﻳﺘﺎﺑﻊ اﻟﻴﻤﺎم، وﻣﺎ أﺣﲆ اﻟﻴﻤﺎم! ﺛﻢ ﻳﻨﻔﺦ
211,14,DIALOGUE_CONTINUATION,70,added_to_dialogue_70,ٍﰲ اﻟﻨﺎي ﻣﺤﺎﻛﻴًﺎ اﻟﺰﻗﺰﻗﺔ واﻟﻬﺪﻳﻞ واﻟﺘﻐﺮﻳﺪ، وﻣﺎ أﺑﺪع املﺤﺎﻛﺎة! أو ﻳﻤﺪ اﻟﻄﺮف ﻧﺤﻮ اﻟﺴﻤﺎء
212,16,DIALOGUE_CONTINUATION,70,added_to_dialogue_70,ﺧﻼل اﻟﻐﺼﻮن، وﻣﺎ أﺟﻤﻞ اﻟﺴﻤﺎء! وﻣﺮ ﱠ ﺑﻪ أﺧﻮه رﺿﻮان وﻫﻮ ﻋﲆ ﺗﻠﻚ اﻟﺤﺎل ﻓﺮﻣﻘﻪ ﺑﻨﻈﺮة
213,10,COLON_DIALOGUE_START,72,colon_detected | closing_previous_dialogue | split_at_colon_before=2_after=8 | split_narration_attribution_narration=1_attribution=1 | created_pre_dialogue_narration_71 | starting_dialogue_speaker=Unknown,ﺳﺎﺧﺮة وﻗﺎل: ﻣﺎ أﺿﻴﻊ اﻟﻮﻗﺖ اﻟﺬي ﺗﻨﻔﻘﻪ ﰲ إدارة اﻟﻮﻗﻒ!
214,9,COLON_DIALOGUE_START,73,colon_detected | closing_previous_dialogue | split_at_colon_before=3_after=6 | split_narration_attribution_narration=0_attribution=3 | starting_dialogue_speaker=أدﻫﻢ,ﻓﻘﺎل أدﻫﻢ ﺑﺎﺳﻤًﺎ: ﻟﻮﻻ إﺷﻔﺎﻗﻲ ﻣﻦ إﻏﻀﺎب أﺑﻲ ﻟﺸﻜﻮت.
215,6,EM_DASH_NARRATOR,74,em_dash_detected | closing_previous_dialogue | created_narrator_segment_74,– ﻓﻠﻨﺤﻤﺪ ﻧﺤﻦ املﻮﱃ ﻋﲆ اﻟﻔﺮاغ!
216,5,COLON_DIALOGUE_START,75,colon_detected | split_at_colon_before=3_after=2 | split_narration_attribution_narration=0_attribution=3 | starting_dialogue_speaker=أدﻫﻢ,ﻓﻘﺎل أدﻫﻢ ﺑﺒﺴﺎﻃﺔ: ﻫﻨﻴﺌًﺎ ﻟﻜﻢ.
217,11,COLON_DIALOGUE_START,76,colon_detected | closing_previous_dialogue | split_at_colon_before=6_after=5 | split_narration_attribution_narration=0_attribution=6 | starting_dialogue_speaker=رﺿﻮان,ﻓﺴﺄﻟﻪ رﺿﻮان وﻫﻮ ﻳﺪاري اﻻﻣﺘﻌﺎض ﺑﺎﻻﺑﺘﺴﺎم: أﺗﻮد ﱡ أن ﺗﻌﻮد ﻣﺜﻠﻨﺎ؟
218,8,EM_DASH_NARRATOR,77,em_dash_detected | closing_previous_dialogue | created_narrator_segment_77,– ﺧري ﻣﺎ ﺗﻤﴤ اﻟﺤﻴﺎة ﰲ اﻟﺤﺪﻳﻘﺔ واﻟﻨﺎي!
219,9,COLON_DIALOGUE_START,78,colon_detected | split_at_colon_before=3_after=6 | split_narration_attribution_narration=0_attribution=3 | starting_dialogue_speaker=رﺿﻮان,ﻓﻘﺎل رﺿﻮان ﺑﻤﺮارة: ﻛﺎن إدرﻳﺲ ﻳﻮد أن ﻳﻌﻤﻞ …
220,14,COLON_DIALOGUE_START,79,colon_detected | closing_previous_dialogue | split_at_colon_before=4_after=10 | split_narration_attribution_narration=0_attribution=4 | starting_dialogue_speaker=أدﻫﻢ,أدﻫﻢ ﺑﴫه وﻫﻮ ﻳﻘﻮل: ﻟﻢ ﻳﻜﻦ ﻋﻨﺪ إدرﻳﺲ وﻗﺖ ﻟﻠﻌﻤﻞ، وﻻﻋﺘﺒﺎرات ٍأﺧﺮى ﱠ ﻓﻐﺾ
221,8,DIALOGUE_CONTINUATION,79,added_to_dialogue_79,ﻏﻀﺐ، أﻣﺎ اﻟﺴﻌﺎدة اﻟﺤﻘﺔ ﻓﻔﻲ ﻫﺬه اﻟﺤﺪﻳﻘﺔ ﺗﺠﺪﻫﺎ.
222,11,COLON_DIALOGUE_START,81,colon_detected | closing_previous_dialogue | split_at_colon_before=6_after=5 | split_narration_attribution_narration=3_attribution=3 | created_pre_dialogue_narration_80 | starting_dialogue_speaker=أدﻫﻢ,وملﺎ ذﻫﺐ رﺿﻮان ﻗﺎل أدﻫﻢ ﻟﻨﻔﺴﻪ: »اﻟﺤﺪﻳﻘﺔ، وﺳﻜﺎﻧﻬﺎ املﻐﺮدون، واملﺎء، واﻟﺴﻤﺎء،
223,17,DIALOGUE_CONTINUATION,81,added_to_dialogue_81,وﻧﻔﴘ اﻟﻨﺸﻮى، ﻫﺬه ﻫﻲ اﻟﺤﻴﺎة اﻟﺤﻘﺔ. ﻛﺄﻧﻨﻲ أَﺟِﺪ ﱡ ﰲ اﻟﺒﺤﺚ ﻋﻦ ﳾء. ﻣﺎ ﻫﺬا اﻟﴚء؟ اﻟﻨﺎي
224,14,DIALOGUE_CONTINUATION,81,added_to_dialogue_81,أﺣﻴﺎﻧًﺎ ﻳﻜﺎد ﻳﺠﻴﺐ. وﻟﻜﻦ اﻟﺴﺆال ﻳﻈﻞ ﺑﻼ ﺟﻮاب. ﻟﻮ ﺗﻜﻠﻤﺖ ْﻫﺬه اﻟﻌﺼﻔﻮرة ﺑﻠﻐﺘﻲ ﻟﺸﻔﺖ
225,12,DIALOGUE_CONTINUATION_CLOSING,81,closing_guillemet_detected | split_at_guillemet_dialogue=12_after=0 | closing_dialogue_segment_81,ﻗﻠﺒﻲ ﺑﺎﻟﻴﻘني. وﻟﻠﻨﺠﻮم اﻟﺰاﻫﺮة ﺣﺪﻳﺚ ﻛﺬﻟﻚ. أﻣﺎ ﺗﺤﺼﻴﻞ اﻹﻳﺠﺎر ﻓﻨﺸﺎز ﺑني اﻷﻧﻐﺎم.«
226,16,PENDING_NARRATION,-,added_to_pending_narration_buffer_1,ووﻗﻒ أدﻫﻢ ﻳﻮﻣًﺎ ﻳﻨﻈﺮ إﱃ ﻇﻠﻪ املﻠﻘﻰ ﻋﲆ املﻤﴙ ﺑني اﻟﻮرود، ﻓﺈذا ﺑﻈﻞ ﱟ ﺟﺪﻳﺪ ﻳﻤﺘﺪ
227,15,PENDING_NARRATION,-,added_to_pending_narration_buffer_2,ﻣﻦ ﻇﻠﻪ واﺷﻴًﺎ ﺑﻘﺪوم ﺷﺨﺺ ﻣﻦ املﻨﻌﻄﻒ ﺧﻠﻔﻪ. ﺑﺪا اﻟﻈﻞ اﻟﺠﺪﻳﺪ ﻛﺄﻧﻤﺎ ﻳﺨﺮج ﻣﻦ ﻣﻮﺿﻊ
228,14,PENDING_NARRATION,-,added_to_pending_narration_buffer_3,ﺿﻠﻮﻋﻪ. واﻟﺘﻔﺖ وراءه ﻓﺮأى ﻓﺘﺎة ًﺳﻤﺮاء وﻫﻲ ﺗﻬﻢ ﱡ ﺑﺎﻟﱰاﺟﻊ ﻋﻨﺪﻣﺎ اﻛﺘﺸﻔﺖ وﺟﻮده، ﻓﺄﺷﺎر
229,10,COLON_DIALOGUE_START,83,colon_detected | split_at_colon_before=8_after=2 | pending_narration_3_lines_45_words | flushing_pending_as_segment_82 | kept_last_pending_line_for_attribution | split_narration_attribution_narration=0_attribution=22 | starting_dialogue_speaker=Unknown,إﻟﻴﻬﺎ ﺑﺎﻟﻮﻗﻮف ﻓﻮﻗﻔﺖ، وﺗﻔﺤﺼﻬﺎ ﻣﻠﻴٍّﺎ، ﺛﻢ ﺳﺄﻟﻬﺎ ﺑﺮﻗﱠﺔ: ﻣَﻦ أﻧﺖِ؟
230,4,COLON_DIALOGUE_START,84,colon_detected | closing_previous_dialogue | split_at_colon_before=3_after=1 | split_narration_attribution_narration=0_attribution=3 | starting_dialogue_speaker=Unknown,ﻓﺄﺟﺎﺑﺖ ﺑﺼﻮت ٍﻣﻠﻌﺜﻢ: أﻣﻴﻤﺔ.
231,15,DIALOGUE_CONTINUATION,84,added_to_dialogue_84,إﻧﻪ ﻳﺬﻛﺮ اﻻﺳﻢ، ﻓﻬﻮ ﻟﺠﺎرﻳﺔ ﻗﺮﻳﺒﺔ ﻷﻣﻪ، وﻛﻤﺎ ﻛﺎﻧﺖ أﻣﻪ ﻗﺒﻞ أن ﻳﺘﺰوج ﻣﻨﻬﺎ أﺑﻮه.
232,1,DIALOGUE_CONTINUATION,84,added_to_dialogue_84,16
